{"textures":{"0":"modelengine:entity/ecnpcs_demon_mage"},"elements":[{"from":[6.686013,3.9713688,5.8285713],"to":[9.543156,7.9713693,8.457143],"rotation":{"angle":0.0,"axis":"y","origin":[9.828871,-2.8857746,6.857143]},"faces":{"east":{"uv":[11.5625,1.875,11.875,2.75],"rotation":0,"texture":"#0","tintindex":0},"south":{"uv":[11.5625,2.75,11.875,3.625],"rotation":0,"texture":"#0","tintindex":0},"north":{"uv":[11.3125,6.875,11.625,7.75],"rotation":0,"texture":"#0","tintindex":0},"west":{"uv":[9.0625,7.25,9.375,8.125],"rotation":0,"texture":"#0","tintindex":0},"up":{"uv":[12.3125,1.125,12.0,0.5],"rotation":0,"texture":"#0","tintindex":0},"down":{"uv":[12.3125,5.125,12.0,5.75],"rotation":0,"texture":"#0","tintindex":0}}},{"from":[6.6288705,2.5427976,6.285714],"to":[8.914585,4.257083,8.0],"rotation":{"angle":-22.5,"axis":"z","origin":[7.8288703,3.1142259,7.142857]},"faces":{"east":{"uv":[12.75,6.375,12.9375,6.75],"rotation":0,"texture":"#0","tintindex":0},"south":{"uv":[11.0,9.25,11.25,9.625],"rotation":0,"texture":"#0","tintindex":0},"north":{"uv":[10.3125,9.25,10.5625,9.625],"rotation":0,"texture":"#0","tintindex":0},"west":{"uv":[12.75,6.75,12.9375,7.125],"rotation":0,"texture":"#0","tintindex":0},"up":{"uv":[11.625,9.625,11.375,9.25],"rotation":0,"texture":"#0","tintindex":0},"down":{"uv":[11.875,9.25,11.625,9.625],"rotation":0,"texture":"#0","tintindex":0}}}],"display":{"head":{"translation":[0.0,-6.4,0.0],"scale":[4.0,4.0,4.0]}}}