{"textures":{"0":"modelengine:entity/ecnpcs_demon_mage"},"elements":[{"from":[6.857143,6.17593,7.8063846],"to":[9.142858,9.604502,9.52067],"rotation":{"angle":-45.0,"axis":"x","origin":[7.714286,8.97593,9.9206705]},"faces":{"east":{"uv":[12.4375,1.5,12.625,2.25],"rotation":0,"texture":"#0","tintindex":0},"south":{"uv":[9.625,8.375,9.875,9.125],"rotation":0,"texture":"#0","tintindex":0},"north":{"uv":[12.1875,2.25,12.4375,3.0],"rotation":0,"texture":"#0","tintindex":0},"west":{"uv":[12.4375,2.25,12.625,3.0],"rotation":0,"texture":"#0","tintindex":0},"up":{"uv":[12.8125,7.875,12.5625,7.5],"rotation":0,"texture":"#0","tintindex":0},"down":{"uv":[12.8125,7.875,12.5625,8.25],"rotation":0,"texture":"#0","tintindex":0}}},{"from":[7.142857,4.3473587,10.377813],"to":[8.857143,6.633073,12.092098],"rotation":{"angle":22.5,"axis":"x","origin":[7.714286,8.97593,10.206385]},"faces":{"east":{"uv":[12.625,0.5,12.8125,1.0],"rotation":0,"texture":"#0","tintindex":0},"south":{"uv":[12.625,1.5,12.8125,2.0],"rotation":0,"texture":"#0","tintindex":0},"north":{"uv":[8.0,9.25,8.1875,9.75],"rotation":0,"texture":"#0","tintindex":0},"west":{"uv":[12.625,2.0,12.8125,2.5],"rotation":0,"texture":"#0","tintindex":0},"up":{"uv":[12.9375,6.0,12.75,5.625],"rotation":0,"texture":"#0","tintindex":0},"down":{"uv":[12.9375,6.0,12.75,6.375],"rotation":0,"texture":"#0","tintindex":0}}},{"from":[6.857143,3.8902154,8.149241],"to":[9.142858,5.0330725,9.863527],"rotation":{"angle":0.0,"axis":"y","origin":[7.714286,4.461644,8.377813]},"faces":{"east":{"uv":[11.0,9.625,11.1875,9.875],"rotation":0,"texture":"#0","tintindex":0},"south":{"uv":[9.625,9.625,9.875,9.875],"rotation":0,"texture":"#0","tintindex":0},"north":{"uv":[9.1875,9.625,9.4375,9.875],"rotation":0,"texture":"#0","tintindex":0},"west":{"uv":[11.375,9.625,11.5625,9.875],"rotation":0,"texture":"#0","tintindex":0},"up":{"uv":[12.875,0.375,12.625,0.0],"rotation":0,"texture":"#0","tintindex":0},"down":{"uv":[9.4375,9.25,9.1875,9.625],"rotation":0,"texture":"#0","tintindex":0}}}],"display":{"head":{"translation":[0.0,-6.4,0.0],"scale":[4.0,4.0,4.0]}}}