{"textures":{"0":"modelengine:entity/ecnpcs_demon_mage"},"elements":[{"from":[7.0854154,2.5427976,6.285714],"to":[9.37113,4.257083,8.0],"rotation":{"angle":22.5,"axis":"z","origin":[8.171129,3.1142259,7.142857]},"faces":{"east":{"uv":[8.75,9.625,8.9375,10.0],"rotation":0,"texture":"#0","tintindex":0},"south":{"uv":[12.6875,3.25,12.9375,3.625],"rotation":0,"texture":"#0","tintindex":0},"north":{"uv":[12.6875,2.875,12.9375,3.25],"rotation":0,"texture":"#0","tintindex":0},"west":{"uv":[12.8125,1.5,13.0,1.875],"rotation":0,"texture":"#0","tintindex":0},"up":{"uv":[12.9375,4.0,12.6875,3.625],"rotation":0,"texture":"#0","tintindex":0},"down":{"uv":[12.9375,4.0,12.6875,4.375],"rotation":0,"texture":"#0","tintindex":0}}},{"from":[6.456844,3.9713688,5.8285713],"to":[9.313987,7.9713693,8.457143],"rotation":{"angle":0.0,"axis":"y","origin":[6.1711297,-2.8857746,6.857143]},"faces":{"east":{"uv":[10.75,7.25,11.0625,8.125],"rotation":0,"texture":"#0","tintindex":0},"south":{"uv":[11.625,6.875,11.9375,7.75],"rotation":0,"texture":"#0","tintindex":0},"north":{"uv":[11.625,4.5,11.9375,5.375],"rotation":0,"texture":"#0","tintindex":0},"west":{"uv":[8.0,7.375,8.3125,8.25],"rotation":0,"texture":"#0","tintindex":0},"up":{"uv":[12.3125,6.375,12.0,5.75],"rotation":0,"texture":"#0","tintindex":0},"down":{"uv":[12.3125,7.625,12.0,8.25],"rotation":0,"texture":"#0","tintindex":0}}}],"display":{"head":{"translation":[0.0,-6.4,0.0],"scale":[4.0,4.0,4.0]}}}