{"textures":{"0":"modelengine:entity/ecnpcs_demon_mage"},"elements":[{"from":[6.857143,6.17593,7.8063846],"to":[9.142858,9.604502,9.52067],"rotation":{"angle":-45.0,"axis":"x","origin":[8.285714,8.97593,9.9206705]},"faces":{"east":{"uv":[9.4375,8.625,9.625,9.375],"rotation":0,"texture":"#0","tintindex":0},"south":{"uv":[12.1875,1.5,12.4375,2.25],"rotation":0,"texture":"#0","tintindex":0},"north":{"uv":[8.1875,8.375,8.4375,9.125],"rotation":0,"texture":"#0","tintindex":0},"west":{"uv":[12.25,8.625,12.4375,9.375],"rotation":0,"texture":"#0","tintindex":0},"up":{"uv":[11.125,5.375,10.875,5.0],"rotation":0,"texture":"#0","tintindex":0},"down":{"uv":[11.5,4.625,11.25,5.0],"rotation":0,"texture":"#0","tintindex":0}}},{"from":[7.142857,4.3473587,10.377813],"to":[8.857143,6.633073,12.092098],"rotation":{"angle":22.5,"axis":"x","origin":[8.285714,8.97593,10.206385]},"faces":{"east":{"uv":[11.75,6.375,11.9375,6.875],"rotation":0,"texture":"#0","tintindex":0},"south":{"uv":[12.5625,6.5,12.75,7.0],"rotation":0,"texture":"#0","tintindex":0},"north":{"uv":[11.125,5.625,11.3125,6.125],"rotation":0,"texture":"#0","tintindex":0},"west":{"uv":[12.5625,7.0,12.75,7.5],"rotation":0,"texture":"#0","tintindex":0},"up":{"uv":[8.5,6.625,8.3125,6.25],"rotation":0,"texture":"#0","tintindex":0},"down":{"uv":[9.625,9.375,9.4375,9.75],"rotation":0,"texture":"#0","tintindex":0}}},{"from":[6.857143,3.8902154,8.149241],"to":[9.142858,5.0330725,9.863527],"rotation":{"angle":0.0,"axis":"y","origin":[8.285714,4.461644,8.377813]},"faces":{"east":{"uv":[10.25,9.625,10.4375,9.875],"rotation":0,"texture":"#0","tintindex":0},"south":{"uv":[12.8125,2.125,13.0625,2.375],"rotation":0,"texture":"#0","tintindex":0},"north":{"uv":[12.8125,1.875,13.0625,2.125],"rotation":0,"texture":"#0","tintindex":0},"west":{"uv":[10.4375,9.625,10.625,9.875],"rotation":0,"texture":"#0","tintindex":0},"up":{"uv":[11.0,7.25,10.75,6.875],"rotation":0,"texture":"#0","tintindex":0},"down":{"uv":[12.75,8.25,12.5,8.625],"rotation":0,"texture":"#0","tintindex":0}}}],"display":{"head":{"translation":[0.0,-6.4,0.0],"scale":[4.0,4.0,4.0]}}}