{"textures":{"0":"modelengine:entity/ecnpcs_demon_mage"},"elements":[{"from":[7.7485714,7.495012,1.6426768],"to":[8.32,8.066441,14.214106],"rotation":{"angle":0.0,"axis":"y","origin":[10.034286,1.5521541,6.785535]},"faces":{"east":{"uv":[12.125,0.375,13.5,0.5],"rotation":0,"texture":"#0","tintindex":0},"south":{"uv":[11.8125,1.75,11.875,1.875],"rotation":0,"texture":"#0","tintindex":0},"north":{"uv":[11.75,1.75,11.8125,1.875],"rotation":0,"texture":"#0","tintindex":0},"west":{"uv":[12.25,4.5,13.625,4.625],"rotation":0,"texture":"#0","tintindex":0},"up":{"uv":[8.5,11.125,8.4375,8.375],"rotation":0,"texture":"#0","tintindex":0},"down":{"uv":[8.5625,8.375,8.5,11.125],"rotation":0,"texture":"#0","tintindex":0}}},{"from":[7.1771426,7.209297,1.6426768],"to":[8.891429,8.352155,2.7855344],"rotation":{"angle":0.0,"axis":"y","origin":[10.034286,1.5521541,6.785535]},"faces":{"east":{"uv":[11.75,1.5,11.875,1.75],"rotation":0,"texture":"#0","tintindex":0},"south":{"uv":[12.8125,8.0,13.0,8.25],"rotation":0,"texture":"#0","tintindex":0},"north":{"uv":[12.8125,7.75,13.0,8.0],"rotation":0,"texture":"#0","tintindex":0},"west":{"uv":[9.4375,9.75,9.5625,10.0],"rotation":0,"texture":"#0","tintindex":0},"up":{"uv":[12.3125,9.875,12.125,9.625],"rotation":0,"texture":"#0","tintindex":0},"down":{"uv":[12.5,9.625,12.3125,9.875],"rotation":0,"texture":"#0","tintindex":0}}},{"from":[7.405714,7.780726,-3.5001802],"to":[8.548572,8.923583,-2.3573227],"rotation":{"angle":0.0,"axis":"y","origin":[10.034286,1.5521541,6.785535]},"faces":{"east":{"uv":[10.125,1.625,10.25,1.875],"rotation":0,"texture":"#0","tintindex":0},"south":{"uv":[10.125,2.75,10.25,3.0],"rotation":0,"texture":"#0","tintindex":0},"north":{"uv":[8.5,3.5,8.625,3.75],"rotation":0,"texture":"#0","tintindex":0},"west":{"uv":[11.125,0.625,11.25,0.875],"rotation":0,"texture":"#0","tintindex":0},"up":{"uv":[10.0,6.5,9.875,6.25],"rotation":0,"texture":"#0","tintindex":0},"down":{"uv":[10.0,6.5,9.875,6.75],"rotation":0,"texture":"#0","tintindex":0}}},{"from":[7.405714,7.780726,-1.7287512],"to":[7.977143,8.352155,-1.1573229],"rotation":{"angle":0.0,"axis":"y","origin":[10.034286,1.5521541,6.785535]},"faces":{"east":{"uv":[10.5625,6.0,10.625,6.125],"rotation":0,"texture":"#0","tintindex":0},"south":{"uv":[11.5,4.875,11.5625,5.0],"rotation":0,"texture":"#0","tintindex":0},"north":{"uv":[10.5,6.0,10.5625,6.125],"rotation":0,"texture":"#0","tintindex":0},"west":{"uv":[11.5625,4.875,11.625,5.0],"rotation":0,"texture":"#0","tintindex":0},"up":{"uv":[11.6875,0.625,11.625,0.5],"rotation":0,"texture":"#0","tintindex":0},"down":{"uv":[11.75,0.5,11.6875,0.625],"rotation":0,"texture":"#0","tintindex":0}}},{"from":[7.805714,7.780726,-0.5858946],"to":[8.377143,8.352155,-0.014465332],"rotation":{"angle":0.0,"axis":"y","origin":[10.034286,1.5521541,6.785535]},"faces":{"east":{"uv":[10.1875,1.875,10.25,2.0],"rotation":0,"texture":"#0","tintindex":0},"south":{"uv":[9.3125,4.5,9.375,4.625],"rotation":0,"texture":"#0","tintindex":0},"north":{"uv":[10.125,1.875,10.1875,2.0],"rotation":0,"texture":"#0","tintindex":0},"west":{"uv":[10.625,1.5,10.6875,1.625],"rotation":0,"texture":"#0","tintindex":0},"up":{"uv":[10.75,1.625,10.6875,1.5],"rotation":0,"texture":"#0","tintindex":0},"down":{"uv":[10.75,4.5,10.6875,4.625],"rotation":0,"texture":"#0","tintindex":0}}},{"from":[7.1771426,7.209297,14.214106],"to":[8.891429,8.352155,15.356963],"rotation":{"angle":0.0,"axis":"y","origin":[10.034286,1.5521541,6.785535]},"faces":{"east":{"uv":[9.875,9.75,10.0,10.0],"rotation":0,"texture":"#0","tintindex":0},"south":{"uv":[8.0,9.75,8.1875,10.0],"rotation":0,"texture":"#0","tintindex":0},"north":{"uv":[12.5,9.625,12.6875,9.875],"rotation":0,"texture":"#0","tintindex":0},"west":{"uv":[10.625,9.75,10.75,10.0],"rotation":0,"texture":"#0","tintindex":0},"up":{"uv":[13.0625,0.25,12.875,0.0],"rotation":0,"texture":"#0","tintindex":0},"down":{"uv":[9.125,9.75,8.9375,10.0],"rotation":0,"texture":"#0","tintindex":0}}},{"from":[10.417976,7.4950113,-0.6266556],"to":[10.989405,8.06644,2.2304869],"rotation":{"angle":-22.5,"axis":"y","origin":[10.703691,7.780726,-4.0552273]},"faces":{"east":{"uv":[9.0,4.5,9.3125,4.625],"rotation":0,"texture":"#0","tintindex":0},"south":{"uv":[8.1875,8.25,8.25,8.375],"rotation":0,"texture":"#0","tintindex":0},"north":{"uv":[11.9375,7.625,12.0,7.75],"rotation":0,"texture":"#0","tintindex":0},"west":{"uv":[10.375,4.5,10.6875,4.625],"rotation":0,"texture":"#0","tintindex":0},"up":{"uv":[10.5625,0.625,10.5,0.0],"rotation":0,"texture":"#0","tintindex":0},"down":{"uv":[10.625,0.0,10.5625,0.625],"rotation":0,"texture":"#0","tintindex":0}}},{"from":[9.084169,9.878701,-3.047636],"to":[9.655598,10.45013,-0.19049263],"rotation":{"angle":22.5,"axis":"x","origin":[9.369884,10.164415,-6.4762077]},"faces":{"east":{"uv":[12.6875,4.375,13.0,4.5],"rotation":0,"texture":"#0","tintindex":0},"south":{"uv":[11.25,8.25,11.3125,8.375],"rotation":0,"texture":"#0","tintindex":0},"north":{"uv":[8.25,8.25,8.3125,8.375],"rotation":0,"texture":"#0","tintindex":0},"west":{"uv":[12.8125,0.875,13.125,1.0],"rotation":0,"texture":"#0","tintindex":0},"up":{"uv":[10.8125,3.625,10.75,3.0],"rotation":0,"texture":"#0","tintindex":0},"down":{"uv":[10.875,3.0,10.8125,3.625],"rotation":0,"texture":"#0","tintindex":0}}},{"from":[5.0791674,7.4950113,-0.6266556],"to":[5.6505957,8.06644,2.2304869],"rotation":{"angle":22.5,"axis":"y","origin":[5.3648815,7.780726,-4.0552273]},"faces":{"east":{"uv":[12.875,2.5,13.1875,2.625],"rotation":0,"texture":"#0","tintindex":0},"south":{"uv":[11.375,9.125,11.4375,9.25],"rotation":0,"texture":"#0","tintindex":0},"north":{"uv":[11.0,9.125,11.0625,9.25],"rotation":0,"texture":"#0","tintindex":0},"west":{"uv":[12.875,2.625,13.1875,2.75],"rotation":0,"texture":"#0","tintindex":0},"up":{"uv":[11.25,10.25,11.1875,9.625],"rotation":0,"texture":"#0","tintindex":0},"down":{"uv":[11.8125,9.625,11.75,10.25],"rotation":0,"texture":"#0","tintindex":0}}},{"from":[6.4129734,9.878701,-3.047636],"to":[6.9844017,10.45013,-0.19049263],"rotation":{"angle":22.5,"axis":"x","origin":[6.6986876,10.164415,-6.4762077]},"faces":{"east":{"uv":[12.8125,2.375,13.125,2.5],"rotation":0,"texture":"#0","tintindex":0},"south":{"uv":[10.0625,9.125,10.125,9.25],"rotation":0,"texture":"#0","tintindex":0},"north":{"uv":[10.125,8.375,10.1875,8.5],"rotation":0,"texture":"#0","tintindex":0},"west":{"uv":[12.875,0.25,13.1875,0.375],"rotation":0,"texture":"#0","tintindex":0},"up":{"uv":[10.75,8.125,10.6875,7.5],"rotation":0,"texture":"#0","tintindex":0},"down":{"uv":[10.6875,8.5,10.625,9.125],"rotation":0,"texture":"#0","tintindex":0}}}],"display":{"head":{"translation":[0.0,-6.4,0.0],"scale":[4.0,4.0,4.0]}}}