{"textures":{"0":"modelengine:entity/ecnpcs_demon_mage"},"elements":[{"from":[5.4542437,8.790931,3.11053],"to":[7.1685295,9.933787,3.6819587],"rotation":{"angle":0.0,"axis":"y","origin":[7.7399583,-10.066214,7.1105304]},"faces":{"east":{"uv":[11.5625,3.625,11.625,3.875],"rotation":0,"texture":"#0","tintindex":0},"south":{"uv":[10.0625,9.625,10.25,9.875],"rotation":0,"texture":"#0","tintindex":0},"north":{"uv":[8.875,7.875,9.0625,8.125],"rotation":0,"texture":"#0","tintindex":0},"west":{"uv":[11.9375,5.125,12.0,5.375],"rotation":0,"texture":"#0","tintindex":0},"up":{"uv":[10.5,6.875,10.3125,6.75],"rotation":0,"texture":"#0","tintindex":0},"down":{"uv":[9.875,7.25,9.6875,7.375],"rotation":0,"texture":"#0","tintindex":0}}},{"from":[8.311387,8.790931,3.11053],"to":[10.025673,9.933787,3.6819587],"rotation":{"angle":0.0,"axis":"y","origin":[7.7399583,-10.066214,7.1105304]},"faces":{"east":{"uv":[9.625,8.125,9.6875,8.375],"rotation":0,"texture":"#0","tintindex":0},"south":{"uv":[12.8125,7.5,13.0,7.75],"rotation":0,"texture":"#0","tintindex":0},"north":{"uv":[11.5625,9.625,11.75,9.875],"rotation":0,"texture":"#0","tintindex":0},"west":{"uv":[10.5625,9.25,10.625,9.5],"rotation":0,"texture":"#0","tintindex":0},"up":{"uv":[13.0625,8.75,12.875,8.625],"rotation":0,"texture":"#0","tintindex":0},"down":{"uv":[13.0625,8.75,12.875,8.875],"rotation":0,"texture":"#0","tintindex":0}}},{"from":[5.4542437,5.9337873,3.6819587],"to":[10.025673,10.505217,8.253387],"rotation":{"angle":0.0,"axis":"y","origin":[7.7399583,-10.066214,7.1105304]},"faces":{"east":{"uv":[10.125,0.625,10.625,1.625],"rotation":0,"texture":"#0","tintindex":0},"south":{"uv":[8.0,4.5,8.5,5.5],"rotation":0,"texture":"#0","tintindex":0},"north":{"uv":[9.875,3.625,10.375,4.625],"rotation":0,"texture":"#0","tintindex":0},"west":{"uv":[10.25,1.625,10.75,2.625],"rotation":0,"texture":"#0","tintindex":0},"up":{"uv":[10.75,3.625,10.25,2.625],"rotation":0,"texture":"#0","tintindex":0},"down":{"uv":[9.5,4.625,9.0,5.625],"rotation":0,"texture":"#0","tintindex":0}}},{"from":[6.3427424,1.674406,2.5940428],"to":[9.199885,6.817263,3.7368999],"rotation":{"angle":0.0,"axis":"y","origin":[7.4855995,8.245834,6.0226145]},"faces":{"east":{"uv":[8.1875,9.125,8.3125,10.25],"rotation":0,"texture":"#0","tintindex":0},"south":{"uv":[8.0,6.25,8.3125,7.375],"rotation":0,"texture":"#0","tintindex":0},"north":{"uv":[11.0,6.125,11.3125,7.25],"rotation":0,"texture":"#0","tintindex":0},"west":{"uv":[8.3125,9.125,8.4375,10.25],"rotation":0,"texture":"#0","tintindex":0},"up":{"uv":[13.0625,4.875,12.75,4.625],"rotation":0,"texture":"#0","tintindex":0},"down":{"uv":[13.0625,4.875,12.75,5.125],"rotation":0,"texture":"#0","tintindex":0}}},{"from":[4.997101,7.648073,4.2533875],"to":[7.2828155,12.219502,7.6819587],"rotation":{"angle":22.5,"axis":"z","origin":[7.7399583,8.2195015,5.9676733]},"faces":{"east":{"uv":[8.5,5.625,8.875,6.625],"rotation":0,"texture":"#0","tintindex":0},"south":{"uv":[10.1875,7.5,10.4375,8.5],"rotation":0,"texture":"#0","tintindex":0},"north":{"uv":[11.75,0.5,12.0,1.5],"rotation":0,"texture":"#0","tintindex":0},"west":{"uv":[8.875,5.625,9.25,6.625],"rotation":0,"texture":"#0","tintindex":0},"up":{"uv":[12.5,3.75,12.25,3.0],"rotation":0,"texture":"#0","tintindex":0},"down":{"uv":[12.5,3.75,12.25,4.5],"rotation":0,"texture":"#0","tintindex":0}}},{"from":[5.081375,10.112788,3.7391014],"to":[7.3670893,12.969931,6.024816],"rotation":{"angle":-22.5,"axis":"x","origin":[6.224232,10.6842165,5.9676733]},"faces":{"east":{"uv":[9.1875,8.625,9.4375,9.25],"rotation":0,"texture":"#0","tintindex":0},"south":{"uv":[12.3125,5.125,12.5625,5.75],"rotation":0,"texture":"#0","tintindex":0},"north":{"uv":[9.25,5.625,9.5,6.25],"rotation":0,"texture":"#0","tintindex":0},"west":{"uv":[12.3125,5.75,12.5625,6.375],"rotation":0,"texture":"#0","tintindex":0},"up":{"uv":[8.875,3.0,8.625,2.5],"rotation":0,"texture":"#0","tintindex":0},"down":{"uv":[12.75,1.0,12.5,1.5],"rotation":0,"texture":"#0","tintindex":0}}},{"from":[4.6761246,11.615301,3.491179],"to":[6.3904104,14.472445,5.205465],"rotation":{"angle":45.0,"axis":"z","origin":[6.2761245,12.872444,4.1768937]},"faces":{"east":{"uv":[9.0,9.125,9.1875,9.75],"rotation":0,"texture":"#0","tintindex":0},"south":{"uv":[9.875,9.125,10.0625,9.75],"rotation":0,"texture":"#0","tintindex":0},"north":{"uv":[9.0625,6.625,9.25,7.25],"rotation":0,"texture":"#0","tintindex":0},"west":{"uv":[12.5625,4.625,12.75,5.25],"rotation":0,"texture":"#0","tintindex":0},"up":{"uv":[12.9375,7.5,12.75,7.125],"rotation":0,"texture":"#0","tintindex":0},"down":{"uv":[12.9375,8.25,12.75,8.625],"rotation":0,"texture":"#0","tintindex":0}}},{"from":[12.830554,13.513199,3.2694268],"to":[14.54484,14.084627,3.8408556],"rotation":{"angle":45.0,"axis":"z","origin":[13.516268,13.056056,2.9265695]},"faces":{"east":{"uv":[10.1875,7.375,10.25,7.5],"rotation":0,"texture":"#0","tintindex":0},"south":{"uv":[12.3125,1.0,12.5,1.125],"rotation":0,"texture":"#0","tintindex":0},"north":{"uv":[11.5,8.375,11.6875,8.5],"rotation":0,"texture":"#0","tintindex":0},"west":{"uv":[10.25,7.375,10.3125,7.5],"rotation":0,"texture":"#0","tintindex":0},"up":{"uv":[13.0625,2.875,12.875,2.75],"rotation":0,"texture":"#0","tintindex":0},"down":{"uv":[10.9375,9.75,10.75,9.875],"rotation":0,"texture":"#0","tintindex":0}}},{"from":[10.153955,12.770342,4.7531967],"to":[13.011098,13.913198,5.896054],"rotation":{"angle":22.5,"axis":"y","origin":[8.382526,12.484628,4.867482]},"faces":{"east":{"uv":[11.5,4.625,11.625,4.875],"rotation":0,"texture":"#0","tintindex":0},"south":{"uv":[9.8125,2.75,10.125,3.0],"rotation":0,"texture":"#0","tintindex":0},"north":{"uv":[9.5,2.75,9.8125,3.0],"rotation":0,"texture":"#0","tintindex":0},"west":{"uv":[11.625,5.375,11.75,5.625],"rotation":0,"texture":"#0","tintindex":0},"up":{"uv":[12.4375,9.625,12.125,9.375],"rotation":0,"texture":"#0","tintindex":0},"down":{"uv":[12.75,9.375,12.4375,9.625],"rotation":0,"texture":"#0","tintindex":0}}},{"from":[0.9350767,13.513199,3.2694268],"to":[2.6493626,14.084627,3.8408556],"rotation":{"angle":-45.0,"axis":"z","origin":[1.9636483,13.056056,2.9265695]},"faces":{"east":{"uv":[10.3125,7.375,10.25,7.5],"rotation":0,"texture":"#0","tintindex":0},"south":{"uv":[12.5,1.0,12.3125,1.125],"rotation":0,"texture":"#0","tintindex":0},"north":{"uv":[11.6875,8.375,11.5,8.5],"rotation":0,"texture":"#0","tintindex":0},"west":{"uv":[10.25,7.375,10.1875,7.5],"rotation":0,"texture":"#0","tintindex":0},"up":{"uv":[12.875,2.875,13.0625,2.75],"rotation":0,"texture":"#0","tintindex":0},"down":{"uv":[10.75,9.75,10.9375,9.875],"rotation":0,"texture":"#0","tintindex":0}}},{"from":[2.4688191,12.770342,4.7531967],"to":[5.3259616,13.913198,5.896054],"rotation":{"angle":-22.5,"axis":"y","origin":[7.09739,12.484628,4.867482]},"faces":{"east":{"uv":[11.75,5.375,11.625,5.625],"rotation":0,"texture":"#0","tintindex":0},"south":{"uv":[10.125,2.75,9.8125,3.0],"rotation":0,"texture":"#0","tintindex":0},"north":{"uv":[9.8125,2.75,9.5,3.0],"rotation":0,"texture":"#0","tintindex":0},"west":{"uv":[11.625,4.625,11.5,4.875],"rotation":0,"texture":"#0","tintindex":0},"up":{"uv":[12.125,9.625,12.4375,9.375],"rotation":0,"texture":"#0","tintindex":0},"down":{"uv":[12.4375,9.375,12.75,9.625],"rotation":0,"texture":"#0","tintindex":0}}},{"from":[9.089506,11.615301,3.491179],"to":[10.803792,14.472445,5.205465],"rotation":{"angle":-45.0,"axis":"z","origin":[9.203793,12.872444,4.1768937]},"faces":{"east":{"uv":[12.5625,5.25,12.75,5.875],"rotation":0,"texture":"#0","tintindex":0},"south":{"uv":[10.8125,9.125,11.0,9.75],"rotation":0,"texture":"#0","tintindex":0},"north":{"uv":[10.625,9.125,10.8125,9.75],"rotation":0,"texture":"#0","tintindex":0},"west":{"uv":[12.5625,5.875,12.75,6.5],"rotation":0,"texture":"#0","tintindex":0},"up":{"uv":[12.9375,9.75,12.75,9.375],"rotation":0,"texture":"#0","tintindex":0},"down":{"uv":[13.0,0.5,12.8125,0.875],"rotation":0,"texture":"#0","tintindex":0}}},{"from":[8.112827,10.112788,3.7391014],