{"textures":{"0":"modelengine:entity/ecnpcs_demon_mage"},"elements":[{"from":[6.5714283,3.6760974,6.542653],"to":[9.428572,8.247526,8.828367],"rotation":{"angle":22.5,"axis":"x","origin":[7.714286,5.3332405,8.6569395]},"faces":{"east":{"uv":[9.6875,7.375,9.9375,8.375],"rotation":0,"texture":"#0","tintindex":0},"south":{"uv":[11.25,2.875,11.5625,3.875],"rotation":0,"texture":"#0","tintindex":0},"north":{"uv":[11.25,1.875,11.5625,2.875],"rotation":0,"texture":"#0","tintindex":0},"west":{"uv":[9.9375,7.375,10.1875,8.375],"rotation":0,"texture":"#0","tintindex":0},"up":{"uv":[8.875,9.125,8.5625,8.625],"rotation":0,"texture":"#0","tintindex":0},"down":{"uv":[9.1875,8.625,8.875,9.125],"rotation":0,"texture":"#0","tintindex":0}}}],"display":{"head":{"translation":[0.0,-6.4,0.0],"scale":[4.0,4.0,4.0]}}}