{"textures":{"0":"modelengine:entity/ecnpcs_demon_mage"},"elements":[{"from":[8.470272,4.1540623,7.142857],"to":[10.755986,7.5826335,8.857143],"rotation":{"angle":0.0,"axis":"y","origin":[11.3274145,-6.703081,7.714286]},"faces":{"east":{"uv":[12.4375,8.625,12.625,9.375],"rotation":0,"texture":"#0","tintindex":0},"south":{"uv":[11.25,8.375,11.5,9.125],"rotation":0,"texture":"#0","tintindex":0},"north":{"uv":[9.875,8.375,10.125,9.125],"rotation":0,"texture":"#0","tintindex":0},"west":{"uv":[12.5,3.0,12.6875,3.75],"rotation":0,"texture":"#0","tintindex":0},"up":{"uv":[12.875,2.875,12.625,2.5],"rotation":0,"texture":"#0","tintindex":0},"down":{"uv":[10.3125,9.25,10.0625,9.625],"rotation":0,"texture":"#0","tintindex":0}}},{"from":[7.639953,5.9879537,6.5714283],"to":[11.068524,9.416525,9.428572],"rotation":{"angle":45.0,"axis":"z","origin":[9.411382,8.330811,8.0]},"faces":{"east":{"uv":[11.875,1.5,12.1875,2.25],"rotation":0,"texture":"#0","tintindex":0},"south":{"uv":[11.25,3.875,11.625,4.625],"rotation":0,"texture":"#0","tintindex":0},"north":{"uv":[9.0,3.75,9.375,4.5],"rotation":0,"texture":"#0","tintindex":0},"west":{"uv":[11.875,2.25,12.1875,3.0],"rotation":0,"texture":"#0","tintindex":0},"up":{"uv":[12.25,3.625,11.875,3.0],"rotation":0,"texture":"#0","tintindex":0},"down":{"uv":[11.6875,7.75,11.3125,8.375],"rotation":0,"texture":"#0","tintindex":0}}}],"display":{"head":{"translation":[0.0,-6.4,0.0],"scale":[4.0,4.0,4.0]}}}