{"textures":{"0":"modelengine:entity/ecnpcs_demon_mage"},"elements":[{"from":[5.244014,4.1540623,7.142857],"to":[7.5297284,7.5826335,8.857143],"rotation":{"angle":0.0,"axis":"y","origin":[4.6725855,-6.703081,7.714286]},"faces":{"east":{"uv":[12.5,3.75,12.6875,4.5],"rotation":0,"texture":"#0","tintindex":0},"south":{"uv":[11.75,8.5,12.0,9.25],"rotation":0,"texture":"#0","tintindex":0},"north":{"uv":[11.5,8.5,11.75,9.25],"rotation":0,"texture":"#0","tintindex":0},"west":{"uv":[8.5625,9.125,8.75,9.875],"rotation":0,"texture":"#0","tintindex":0},"up":{"uv":[12.875,9.0,12.625,8.625],"rotation":0,"texture":"#0","tintindex":0},"down":{"uv":[12.875,9.0,12.625,9.375],"rotation":0,"texture":"#0","tintindex":0}}},{"from":[4.9314756,5.9879537,6.5714283],"to":[8.360047,9.416525,9.428572],"rotation":{"angle":-45.0,"axis":"z","origin":[6.5886183,8.330811,8.0]},"faces":{"east":{"uv":[11.9375,3.625,12.25,4.375],"rotation":0,"texture":"#0","tintindex":0},"south":{"uv":[8.6875,6.625,9.0625,7.375],"rotation":0,"texture":"#0","tintindex":0},"north":{"uv":[8.3125,6.625,8.6875,7.375],"rotation":0,"texture":"#0","tintindex":0},"west":{"uv":[11.9375,4.375,12.25,5.125],"rotation":0,"texture":"#0","tintindex":0},"up":{"uv":[12.3125,7.0,11.9375,6.375],"rotation":0,"texture":"#0","tintindex":0},"down":{"uv":[12.3125,7.0,11.9375,7.625],"rotation":0,"texture":"#0","tintindex":0}}}],"display":{"head":{"translation":[0.0,-6.4,0.0],"scale":[4.0,4.0,4.0]}}}