{"textures":{"0":"modelengine:entity/viking_miniboss"},"elements":[{"from":[5.428571,1.9999995,5.428571],"to":[10.571428,8.857143,9.428572],"rotation":{"angle":22.5,"axis":"x","origin":[8.285714,5.714286,6.857143]},"faces":{"east":{"uv":[4.25,4.6875,4.6875,5.4375],"rotation":0,"texture":"#0","tintindex":0},"south":{"uv":[3.6875,4.125,4.25,4.875],"rotation":0,"texture":"#0","tintindex":0},"north":{"uv":[3.125,4.125,3.6875,4.875],"rotation":0,"texture":"#0","tintindex":0},"west":{"uv":[4.6875,4.6875,5.125,5.4375],"rotation":0,"texture":"#0","tintindex":0},"up":{"uv":[5.875,0.6875,5.3125,0.25],"rotation":0,"texture":"#0","tintindex":0},"down":{"uv":[4.8125,5.4375,4.25,5.875],"rotation":0,"texture":"#0","tintindex":0}}},{"from":[5.428571,1.1151376,4.115919],"to":[10.571428,2.8294234,4.115919],"rotation":{"angle":0.0,"axis":"y","origin":[8.0,1.9722805,4.115919]},"faces":{"east":{"uv":[0.0,0.0,0.0,0.1875],"rotation":0,"texture":"#0","tintindex":0},"south":{"uv":[4.875,2.1875,4.3125,2.375],"rotation":0,"texture":"#0","tintindex":0},"north":{"uv":[4.3125,2.1875,4.875,2.375],"rotation":0,"texture":"#0","tintindex":0},"west":{"uv":[0.0,0.0,0.0,0.1875],"rotation":0,"texture":"#0","tintindex":0},"up":{"uv":[0.5625,0.0,0.0,0.0],"rotation":0,"texture":"#0","tintindex":0},"down":{"uv":[0.5625,0.0,0.0,0.0],"rotation":0,"texture":"#0","tintindex":0}}},{"from":[4.285714,0.85714245,7.142857],"to":[6.5714283,6.0,7.142857],"rotation":{"angle":22.5,"axis":"x","origin":[8.285714,5.714286,6.857143]},"faces":{"east":{"uv":[0.0,0.0,0.0,0.5625],"rotation":0,"texture":"#0","tintindex":0},"south":{"uv":[1.9375,6.5,1.6875,7.0625],"rotation":0,"texture":"#0","tintindex":0},"north":{"uv":[1.6875,6.5,1.9375,7.0625],"rotation":0,"texture":"#0","tintindex":0},"west":{"uv":[0.0,0.0,0.0,0.5625],"rotation":0,"texture":"#0","tintindex":0},"up":{"uv":[0.25,0.0,0.0,0.0],"rotation":0,"texture":"#0","tintindex":0},"down":{"uv":[0.25,0.0,0.0,0.0],"rotation":0,"texture":"#0","tintindex":0}}},{"from":[9.428572,0.85714245,7.142857],"to":[11.714286,6.0,7.142857],"rotation":{"angle":22.5,"axis":"x","origin":[7.142857,5.714286,6.857143]},"faces":{"east":{"uv":[0.0,0.0,0.0,0.5625],"rotation":0,"texture":"#0","tintindex":0},"south":{"uv":[1.6875,6.5,1.9375,7.0625],"rotation":0,"texture":"#0","tintindex":0},"north":{"uv":[1.9375,6.5,1.6875,7.0625],"rotation":0,"texture":"#0","tintindex":0},"west":{"uv":[0.0,0.0,0.0,0.5625],"rotation":0,"texture":"#0","tintindex":0},"up":{"uv":[0.0,0.0,0.25,0.0],"rotation":0,"texture":"#0","tintindex":0},"down":{"uv":[0.0,0.0,0.25,0.0],"rotation":0,"texture":"#0","tintindex":0}}}],"display":{"head":{"translation":[0.0,-6.4,0.0],"scale":[4.0,4.0,4.0]}}}