{"textures":{"0":"modelengine:entity/viking_miniboss"},"elements":[{"from":[6.285714,18.758762,4.840416],"to":[10.857143,20.47305,8.840416],"rotation":{"angle":-45.0,"axis":"x","origin":[8.571428,18.47305,6.840416]},"faces":{"east":{"uv":[3.0,6.8125,3.4375,7.0],"rotation":0,"texture":"#0","tintindex":0},"south":{"uv":[6.75,4.6875,7.25,4.875],"rotation":0,"texture":"#0","tintindex":0},"north":{"uv":[5.5625,2.625,6.0625,2.8125],"rotation":0,"texture":"#0","tintindex":0},"west":{"uv":[6.8125,3.5625,7.25,3.75],"rotation":0,"texture":"#0","tintindex":0},"up":{"uv":[4.0625,6.0625,3.5625,5.625],"rotation":0,"texture":"#0","tintindex":0},"down":{"uv":[0.5,5.6875,0.0,6.125],"rotation":0,"texture":"#0","tintindex":0}}},{"from":[1.1428566,13.615906,5.4118447],"to":[5.142857,17.615906,6.554702],"rotation":{"angle":22.5,"axis":"x","origin":[3.142857,18.187336,5.983273]},"faces":{"east":{"uv":[1.1875,6.875,1.3125,7.3125],"rotation":0,"texture":"#0","tintindex":0},"south":{"uv":[5.0625,6.0,5.5,6.4375],"rotation":0,"texture":"#0","tintindex":0},"north":{"uv":[4.625,6.0,5.0625,6.4375],"rotation":0,"texture":"#0","tintindex":0},"west":{"uv":[2.75,7.0,2.875,7.4375],"rotation":0,"texture":"#0","tintindex":0},"up":{"uv":[4.9375,4.125,4.5,4.0],"rotation":0,"texture":"#0","tintindex":0},"down":{"uv":[6.0625,3.5,5.625,3.625],"rotation":0,"texture":"#0","tintindex":0}}},{"from":[2.8571424,11.2032995,4.9381623],"to":[13.714286,16.346157,11.223877],"rotation":{"angle":22.5,"axis":"x","origin":[10.0,13.774729,9.223877]},"faces":{"east":{"uv":[4.1875,0.0,4.875,0.5625],"rotation":0,"texture":"#0","tintindex":0},"south":{"uv":[1.1875,3.0625,2.375,3.625],"rotation":0,"texture":"#0","tintindex":0},"north":{"uv":[0.0,3.0625,1.1875,3.625],"rotation":0,"texture":"#0","tintindex":0},"west":{"uv":[4.875,0.0,4.1875,0.5625],"rotation":0,"texture":"#0","tintindex":0},"up":{"uv":[1.1875,3.0625,0.0,2.375],"rotation":0,"texture":"#0","tintindex":0},"down":{"uv":[2.375,2.375,1.1875,3.0625],"rotation":0,"texture":"#0","tintindex":0}}},{"from":[1.7142854,20.64825,6.813886],"to":[14.857143,20.64825,10.242458],"rotation":{"angle":0.0,"axis":"y","origin":[8.285714,20.64825,8.528172]},"faces":{"east":{"uv":[0.0,0.0,0.375,0.0],"rotation":0,"texture":"#0","tintindex":0},"south":{"uv":[0.0,0.0,1.4375,0.0],"rotation":0,"texture":"#0","tintindex":0},"north":{"uv":[0.0,0.0,1.4375,0.0],"rotation":0,"texture":"#0","tintindex":0},"west":{"uv":[0.0,0.0,0.375,0.0],"rotation":0,"texture":"#0","tintindex":0},"up":{"uv":[5.0,2.75,3.5625,2.375],"rotation":0,"texture":"#0","tintindex":0},"down":{"uv":[3.5625,2.375,5.0,2.75],"rotation":0,"texture":"#0","tintindex":0}}},{"from":[1.7142854,14.060442,4.3667336],"to":[14.857143,19.2033,11.795305],"rotation":{"angle":22.5,"axis":"x","origin":[10.0,13.774729,9.223877]},"faces":{"east":{"uv":[3.125,4.125,2.3125,4.6875],"rotation":0,"texture":"#0","tintindex":0},"south":{"uv":[2.75,0.5625,4.1875,1.125],"rotation":0,"texture":"#0","tintindex":0},"north":{"uv":[2.75,0.0,4.1875,0.5625],"rotation":0,"texture":"#0","tintindex":0},"west":{"uv":[2.3125,4.125,3.125,4.6875],"rotation":0,"texture":"#0","tintindex":0},"up":{"uv":[1.4375,0.8125,0.0,0.0],"rotation":0,"texture":"#0","tintindex":0},"down":{"uv":[1.4375,0.8125,0.0,1.625],"rotation":0,"texture":"#0","tintindex":0}}},{"from":[8.571428,19.2033,4.3667336],"to":[8.571428,21.489014,11.795305],"rotation":{"angle":22.5,"axis":"x","origin":[10.0,13.774729,9.223877]},"faces":{"east":{"uv":[5.75,5.0,6.5625,5.25],"rotation":0,"texture":"#0","tintindex":0},"south":{"uv":[0.0,0.0,0.0,0.25],"rotation":0,"texture":"#0","tintindex":0},"north":{"uv":[0.0,0.0,0.0,0.25],"rotation":0,"texture":"#0","tintindex":0},"west":{"uv":[6.5625,5.0,5.75,5.25],"rotation":0,"texture":"#0","tintindex":0},"up":{"uv":[0.0,0.8125,0.0,0.0],"rotation":0,"texture":"#0","tintindex":0},"down":{"uv":[0.0,0.0,0.0,0.8125],"rotation":0,"texture":"#0","tintindex":0}}},{"from":[0.0,14.060442,4.3667336],"to":[1.7142854,19.2033,4.3667336],"rotation":{"angle":22.5,"axis":"x","origin":[10.0,13.774729,9.223877]},"faces":{"east":{"uv":[0.0,0.0,0.0,0.5625],"rotation":0,"texture":"#0","tintindex":0},"south":{"uv":[0.6875,6.625,0.5,7.1875],"rotation":0,"texture":"#0","tintindex":0},"north":{"uv":[0.5,6.625,0.6875,7.1875],"rotation":0,"texture":"#0","tintindex":0},"west":{"uv":[0.0,0.0,0.0,0.5625],"rotation":0,"texture":"#0","tintindex":0},"up":{"uv":[0.1875,0.0,0.0,0.0],"rotation":0,"texture":"#0","tintindex":0},"down":{"uv":[0.1875,0.0,0.0,0.0],"rotation":0,"texture":"#0","tintindex":0}}},{"from":[4.5714283,16.648823,3.385315],"to":[4.5714283,20.648823,6.813886],"rotation":{"angle":22.5,"axis":"z","origin":[4.5714283,18.648823,5.0996003]},"faces":{"east":{"uv":[6.5,5.25,6.125,5.6875],"rotation":0,"texture":"#0","tintindex":0},"south":{"uv":[0.0,0.0,0.0,0.4375],"rotation":0,"texture":"#0","tintindex":0},"north":{"uv":[0.0,0.0,0.0,0.4375],"rotation":0,"texture":"#0","tintindex":0},"west":{"uv":[6.125,5.25,6.5,5.6875],"rotation":0,"texture":"#0","tintindex":0},"up":{"uv":[0.0,0.375,0.0,0.0],"rotation":0,"texture":"#0","tintindex":0},"down":{"uv":[0.0,0.0,0.0,0.375],"rotation":0,"texture":"#0","tintindex":0}}},{"from":[12.0,16.648823,3.385315],"to":[12.0,20.648823,6.813886],"rotation":{"angle":-22.5,"axis":"z","origin":[12.0,18.648823,5.0996003]},"faces":{"east":{"uv":[6.5,5.25,6.125,5.6875],"rotation":0,"texture":"#0","tintindex":0},"south":{"uv":[0.0,0.0,0.0,0.4375],"rotation":0,"texture":"#0","tintindex":0},"north":{"uv":[0.0,0.0,0.0,0.4375],"rotation":0,"texture":"#0","tintindex":0},"west":{"uv":[6.125,5.25,6.5,5.6875],"rotation":0,"texture":"#0","tintindex":0},"up":{"uv":[0.0,0.375,0.0,0.0],"rotation":0,"texture":"#0","tintindex":0},"down":{"uv":[0.0,0.0,0.0,0.375],"rotation":0,"texture":"#0","tintindex":0}}},{"from":[14.857143,14.060442,4.3667336],"to":[16.57143,19.2033,4.3667336],"rotation":{"angle":22.5,"axis":"x","origin":[6.5714283,13.774729,9.223877]},"faces":{"east":{"uv":[0.0,0.0,0.0,0.5625],"rotation":0,"texture":"#0","tintindex":0},"south":{"uv":[0.5,6.625,0.6875,7.1875],"rotation":0,"texture":"#0","tintindex":0},"north":{"uv":[0.6875,6.625,0.5,7.1875],"rotation":0,"texture":"#0","tintindex":0},"west":{"uv":[0.0,0.0,0.0,0.5625],"rotation":0,"texture":"#0","tintindex":0},"up":{"uv":[0.0,0.0,0.1875,0.0],"rotation":0,"texture":"#0","tintindex":0},"down":{"uv":[0.0,0.0,0.1875,0.0],"rotation":0,"texture":"#0","tintindex":0}}},{"from":[11.428572,13.615906,5.4118447],"to":[15.428572,17.615906,6.554702],"rotation":{"angle":22.5,"axis":"x","origin":[13.428572,18.187336,5.983273]},"faces":{"east":{"uv":[2.875,7.0,2.75,7.4375],"rotation":0,"texture":"#0","tintindex":0},"south":{"uv":[5.5,6.0,5.0625,6.4375],"rotation":0,"texture":"#0","tintindex":0},"north":{"uv":[5.0625,6.0,4.625,6.4375],"rotation":0,"texture":"#0","tintindex":0},"west":{"uv":[1.3125,6.875,1.1875,7.3125],"rotation":0,"texture":"#0","tintindex":0},"up":{"uv":[4.5,4.125,4.9375,4.0],"rotation":0,"texture":"#0","tintindex":0},"down":{"uv":[5.625,3.5,6.0625,3.625],"rotation":0,"texture":"#0","tintindex":0}}},{"from":[3.4285712,10.534719,4.808281],"to":[13.142858,12.820433,10.522567],"rotation":{"angle":0.0,"axis":"y","origin":[8.571428,13.106148,10.808281]},"faces":{"east":{"uv":[6.125,3.3125,6.75,3.5625],"rotation":0,"texture":"#0","tintindex":0},"south":{"uv":[5.3125,0.0,6.375,0.25],"rotation":0,"texture":"#0","tintindex":0},"north":{"uv":[5.125,3.625,6.1875,3.875],"rotation":0,"texture":"#0","tintindex":0},"west":{"uv":[6.75,3.3125,6.125,3.5625],"rotation":0,"texture":"#0","tintindex":0},"up":{"uv":[3.4375,4.125,2.375,3.5],"rotation":0,"texture":"#0","tintindex":0},"down":{"uv":[4.5,3.5,3.4375,4.125],"rotation":0,"texture":"#0","tintindex":0}}},{"from":[2.8571424,5.391862,4.2368526],"to":[13.714286,10.534719,11.093996],"rotation":{"angle":0.0,"axis":"y","origin":[8.571428,13.106148,10.808281]},"faces":{"east":{"uv":[3.75,2.75,4.5,3.3125],"rotation":0,"texture":"#0","tintindex":0},