{"textures":{"0":"modelengine:entity/viking_miniboss"},"elements":[{"from":[1.3631067,0.56531477,7.4142566],"to":[13.363108,7.9938865,7.9856853],"rotation":{"angle":0.0,"axis":"y","origin":[7.648821,7.1367435,-2.585744]},"faces":{"east":{"uv":[5.125,6.6875,5.1875,7.5],"rotation":0,"texture":"#0","tintindex":0},"south":{"uv":[1.4375,0.8125,2.75,1.625],"rotation":0,"texture":"#0","tintindex":0},"north":{"uv":[1.4375,0.0,2.75,0.8125],"rotation":0,"texture":"#0","tintindex":0},"west":{"uv":[0.4375,6.9375,0.5,7.75],"rotation":0,"texture":"#0","tintindex":0},"up":{"uv":[7.5625,3.0625,6.25,3.0],"rotation":0,"texture":"#0","tintindex":0},"down":{"uv":[8.125,1.625,6.8125,1.6875],"rotation":0,"texture":"#0","tintindex":0}}},{"from":[-0.2857151,0.56531477,7.6571426],"to":[1.4285712,7.9938865,7.6571426],"rotation":{"angle":-22.5,"axis":"y","origin":[0.5714283,4.279601,7.6571426]},"faces":{"east":{"uv":[0.0,0.0,0.0,0.8125],"rotation":0,"texture":"#0","tintindex":0},"south":{"uv":[0.3125,6.125,0.5,6.9375],"rotation":0,"texture":"#0","tintindex":0},"north":{"uv":[0.5,6.125,0.3125,6.9375],"rotation":0,"texture":"#0","tintindex":0},"west":{"uv":[0.0,0.0,0.0,0.8125],"rotation":0,"texture":"#0","tintindex":0},"up":{"uv":[0.1875,0.0,0.0,0.0],"rotation":0,"texture":"#0","tintindex":0},"down":{"uv":[0.1875,0.0,0.0,0.0],"rotation":0,"texture":"#0","tintindex":0}}},{"from":[13.254145,0.56531477,7.875819],"to":[14.9684305,7.9938865,7.875819],"rotation":{"angle":22.5,"axis":"y","origin":[13.583357,4.279601,7.6571426]},"faces":{"east":{"uv":[0.0,0.0,0.0,0.8125],"rotation":0,"texture":"#0","tintindex":0},"south":{"uv":[0.5,6.125,0.3125,6.9375],"rotation":0,"texture":"#0","tintindex":0},"north":{"uv":[0.3125,6.125,0.5,6.9375],"rotation":0,"texture":"#0","tintindex":0},"west":{"uv":[0.0,0.0,0.0,0.8125],"rotation":0,"texture":"#0","tintindex":0},"up":{"uv":[0.0,0.0,0.1875,0.0],"rotation":0,"texture":"#0","tintindex":0},"down":{"uv":[0.0,0.0,0.1875,0.0],"rotation":0,"texture":"#0","tintindex":0}}}],"display":{"head":{"translation":[0.0,-6.4,0.0],"scale":[4.0,4.0,4.0]}}}