{"textures":{"0":"modelengine:entity/viking_miniboss"},"elements":[{"from":[5.714286,8.245206,4.7906995],"to":[10.285714,12.245207,8.790699],"rotation":{"angle":0.0,"axis":"y","origin":[10.857143,-12.326223,4.7906995]},"faces":{"east":{"uv":[5.6875,5.9375,6.125,6.375],"rotation":0,"texture":"#0","tintindex":0},"south":{"uv":[2.5625,5.625,3.0625,6.0625],"rotation":0,"texture":"#0","tintindex":0},"north":{"uv":[5.5625,2.1875,6.0625,2.625],"rotation":0,"texture":"#0","tintindex":0},"west":{"uv":[6.0,1.5625,6.4375,2.0],"rotation":0,"texture":"#0","tintindex":0},"up":{"uv":[3.5625,6.0625,3.0625,5.625],"rotation":0,"texture":"#0","tintindex":0},"down":{"uv":[6.125,3.0625,5.625,3.5],"rotation":0,"texture":"#0","tintindex":0}}},{"from":[6.285714,6.5309205,4.7906995],"to":[9.714286,8.245206,8.219271],"rotation":{"angle":0.0,"axis":"y","origin":[8.0,7.3880634,6.2192707]},"faces":{"east":{"uv":[5.75,5.25,6.125,5.4375],"rotation":0,"texture":"#0","tintindex":0},"south":{"uv":[6.875,3.0625,7.25,3.25],"rotation":0,"texture":"#0","tintindex":0},"north":{"uv":[2.75,4.6875,3.125,4.875],"rotation":0,"texture":"#0","tintindex":0},"west":{"uv":[6.875,4.875,7.25,5.0625],"rotation":0,"texture":"#0","tintindex":0},"up":{"uv":[6.0625,6.75,5.6875,6.375],"rotation":0,"texture":"#0","tintindex":0},"down":{"uv":[6.8125,1.375,6.4375,1.75],"rotation":0,"texture":"#0","tintindex":0}}},{"from":[7.428571,8.211691,3.5306187],"to":[8.571428,11.640263,5.2449045],"rotation":{"angle":22.5,"axis":"x","origin":[8.0,9.925977,3.9591904]},"faces":{"east":{"uv":[2.1875,3.625,2.375,4.0],"rotation":0,"texture":"#0","tintindex":0},"south":{"uv":[3.0,7.0,3.125,7.375],"rotation":0,"texture":"#0","tintindex":0},"north":{"uv":[2.875,7.0,3.0,7.375],"rotation":0,"texture":"#0","tintindex":0},"west":{"uv":[2.5625,5.25,2.75,5.625],"rotation":0,"texture":"#0","tintindex":0},"up":{"uv":[2.5,6.4375,2.375,6.25],"rotation":0,"texture":"#0","tintindex":0},"down":{"uv":[5.125,7.0,5.0,7.1875],"rotation":0,"texture":"#0","tintindex":0}}},{"from":[5.714286,9.959492,4.2192707],"to":[10.285714,12.245207,4.7906995],"rotation":{"angle":0.0,"axis":"y","origin":[10.857143,-12.326223,4.7906995]},"faces":{"east":{"uv":[5.0,2.375,5.0625,2.625],"rotation":0,"texture":"#0","tintindex":0},"south":{"uv":[6.5,1.125,7.0,1.375],"rotation":0,"texture":"#0","tintindex":0},"north":{"uv":[6.5,0.875,7.0,1.125],"rotation":0,"texture":"#0","tintindex":0},"west":{"uv":[5.0625,3.0625,5.125,3.3125],"rotation":0,"texture":"#0","tintindex":0},"up":{"uv":[7.3125,3.8125,6.8125,3.75],"rotation":0,"texture":"#0","tintindex":0},"down":{"uv":[7.375,3.25,6.875,3.3125],"rotation":0,"texture":"#0","tintindex":0}}},{"from":[5.142857,9.959492,4.2192707],"to":[5.714286,12.245207,8.790699],"rotation":{"angle":0.0,"axis":"y","origin":[10.857143,-12.326223,4.7906995]},"faces":{"east":{"uv":[6.5,5.25,7.0,5.5],"rotation":0,"texture":"#0","tintindex":0},"south":{"uv":[5.4375,6.4375,5.5,6.6875],"rotation":0,"texture":"#0","tintindex":0},"north":{"uv":[2.5,5.75,2.5625,6.0],"rotation":0,"texture":"#0","tintindex":0},"west":{"uv":[6.0625,6.5,6.5625,6.75],"rotation":0,"texture":"#0","tintindex":0},"up":{"uv":[1.875,6.1875,1.8125,5.6875],"rotation":0,"texture":"#0","tintindex":0},"down":{"uv":[1.1875,5.75,1.125,6.25],"rotation":0,"texture":"#0","tintindex":0}}},{"from":[4.5714283,6.5309205,5.9335566],"to":[6.285714,11.102349,8.790699],"rotation":{"angle":0.0,"axis":"y","origin":[10.857143,-14.040508,4.7906995]},"faces":{"east":{"uv":[6.125,5.6875,6.4375,6.1875],"rotation":0,"texture":"#0","tintindex":0},"south":{"uv":[1.9375,6.75,2.125,7.25],"rotation":0,"texture":"#0","tintindex":0},"north":{"uv":[0.6875,6.75,0.875,7.25],"rotation":0,"texture":"#0","tintindex":0},"west":{"uv":[6.1875,0.875,6.5,1.375],"rotation":0,"texture":"#0","tintindex":0},"up":{"uv":[0.75,4.6875,0.5625,4.375],"rotation":0,"texture":"#0","tintindex":0},"down":{"uv":[6.75,6.875,6.5625,7.1875],"rotation":0,"texture":"#0","tintindex":0}}},{"from":[5.0746217,6.5309205,5.1181192],"to":[6.2174788,8.245206,6.2609763],"rotation":{"angle":-22.5,"axis":"y","origin":[5.6460505,7.3880634,4.8324046]},"faces":{"east":{"uv":[1.6875,7.0625,1.8125,7.25],"rotation":0,"texture":"#0","tintindex":0},"south":{"uv":[1.8125,7.0625,1.9375,7.25],"rotation":0,"texture":"#0","tintindex":0},"north":{"uv":[7.0625,0.25,7.1875,0.4375],"rotation":0,"texture":"#0","tintindex":0},"west":{"uv":[7.0625,3.8125,7.1875,4.0],"rotation":0,"texture":"#0","tintindex":0},"up":{"uv":[2.25,4.6875,2.125,4.5625],"rotation":0,"texture":"#0","tintindex":0},"down":{"uv":[5.0625,4.5625,4.9375,4.6875],"rotation":0,"texture":"#0","tintindex":0}}},{"from":[10.285714,9.959492,4.2192707],"to":[10.857143,12.245207,8.790699],"rotation":{"angle":0.0,"axis":"y","origin":[5.142857,-12.326223,4.7906995]},"faces":{"east":{"uv":[6.5625,6.5,6.0625,6.75],"rotation":0,"texture":"#0","tintindex":0},"south":{"uv":[5.5,6.4375,5.4375,6.6875],"rotation":0,"texture":"#0","tintindex":0},"north":{"uv":[2.5625,5.75,2.5,6.0],"rotation":0,"texture":"#0","tintindex":0},"west":{"uv":[7.0,5.25,6.5,5.5],"rotation":0,"texture":"#0","tintindex":0},"up":{"uv":[1.8125,6.1875,1.875,5.6875],"rotation":0,"texture":"#0","tintindex":0},"down":{"uv":[1.125,5.75,1.1875,6.25],"rotation":0,"texture":"#0","tintindex":0}}},{"from":[9.714286,6.5309205,5.9335566],"to":[11.428572,11.102349,8.790699],"rotation":{"angle":0.0,"axis":"y","origin":[5.142857,-14.040508,4.7906995]},"faces":{"east":{"uv":[6.5,0.875,6.1875,1.375],"rotation":0,"texture":"#0","tintindex":0},"south":{"uv":[2.125,6.75,1.9375,7.25],"rotation":0,"texture":"#0","tintindex":0},"north":{"uv":[0.875,6.75,0.6875,7.25],"rotation":0,"texture":"#0","tintindex":0},"west":{"uv":[6.4375,5.6875,6.125,6.1875],"rotation":0,"texture":"#0","tintindex":0},"up":{"uv":[0.5625,4.6875,0.75,4.375],"rotation":0,"texture":"#0","tintindex":0},"down":{"uv":[6.5625,6.875,6.75,7.1875],"rotation":0,"texture":"#0","tintindex":0}}},{"from":[9.782521,6.5309205,5.1181192],"to":[10.925379,8.245206,6.2609763],"rotation":{"angle":22.5,"axis":"y","origin":[10.35395,7.3880634,4.8324046]},"faces":{"east":{"uv":[7.1875,3.8125,7.0625,4.0],"rotation":0,"texture":"#0","tintindex":0},"south":{"uv":[1.9375,7.0625,1.8125,7.25],"rotation":0,"texture":"#0","tintindex":0},"north":{"uv":[7.1875,0.25,7.0625,0.4375],"rotation":0,"texture":"#0","tintindex":0},"west":{"uv":[1.8125,7.0625,1.6875,7.25],"rotation":0,"texture":"#0","tintindex":0},"up":{"uv":[2.125,4.6875,2.25,4.5625],"rotation":0,"texture":"#0","tintindex":0},"down":{"uv":[4.9375,4.5625,5.0625,4.6875],"rotation":0,"texture":"#0","tintindex":0}}},{"from":[8.0,6.5309205,4.2192707],"to":[10.857143,8.245206,5.3621283],"rotation":{"angle":-22.5,"axis":"z","origin":[9.428572,7.3880634,4.504985]},"faces":{"east":{"uv":[3.9375,7.0625,4.0625,7.25],"rotation":0,"texture":"#0","tintindex":0},"south":{"uv":[6.75,6.875,7.0625,7.0625],"rotation":0,"texture":"#0","tintindex":0},"north":{"uv":[6.875,5.0625,7.1875,5.25],"rotation":0,"texture":"#0","tintindex":0},"west":{"uv":[7.0625,4.0,7.1875,4.1875],"rotation":0,"texture":"#0","tintindex":0},"up":{"uv":[5.4375,4.0,5.125,3.875],"rotation":0,"texture":"#0","tintindex":0},"down":{"uv":[5.8125,1.0,5.5,1.125],"rotation":0,"texture":"#0","tintindex":0}}},{"from":[5.142857,6.5309205,4.2192707],"to":[8.0,8.245206,5.3621283],"rotation":{"angle":22.5,"axis":"z","origin":[6.5714283,7.3880634,4.504985]},"faces":{"east":{"uv":[4.0625,7.0625,4.1875,7.25],"rotation":0,"texture":"#0","tintindex":0},"south":{"uv":[6.9375,6.1875,7.25,6.375],"rotation":0,"texture":"#0","tintindex":0},"north":{"uv":[6.9375,0.0,7.25,0.1875],"rotation":0,"texture":"#0","tintindex":0},"west":{"uv":[5.375,7.0625,5.5,7.25],"rotation":0,"texture":"#0","tintindex":0},"up":{"uv":[6.4375,5.0,6.125,4.875],"rotation":0,"texture":"#0","tintindex":0},"down":{"uv":[7.1875,6.75,6.875,6.875],"rotation":0,"texture":"#0","tintindex":0}}},{"from":[5.142857,8.245206,8.790699],"to":[10.857143,12.245207,9.933557],