{"textures":{"0":"modelengine:entity/viking_miniboss"},"elements":[{"from":[7.428571,7.428571,7.428571],"to":[8.571428,8.571428,8.571428],"rotation":{"angle":0.0,"axis":"y","origin":[8.0,8.0,8.0]},"faces":{"east":{"uv":[9.9375,0.71875,10.0625,0.84375],"rotation":0,"texture":"#0","tintindex":0},"south":{"uv":[9.9375,0.71875,10.0625,0.84375],"rotation":0,"texture":"#0","tintindex":0},"north":{"uv":[9.9375,0.71875,10.0625,0.84375],"rotation":0,"texture":"#0","tintindex":0},"west":{"uv":[9.9375,0.71875,10.0625,0.84375],"rotation":0,"texture":"#0","tintindex":0},"up":{"uv":[9.9375,0.71875,10.0625,0.84375],"rotation":0,"texture":"#0","tintindex":0},"down":{"uv":[9.9375,0.71875,10.0625,0.84375],"rotation":0,"texture":"#0","tintindex":0}}}],"display":{"head":{"translation":[0.0,-6.4,0.0],"scale":[4.0,4.0,4.0]}}}