{"textures":{"0":"modelengine:entity/viking_miniboss"},"elements":[{"from":[6.5714283,2.8571424,8.0],"to":[9.428572,8.0,11.428572],"rotation":{"angle":0.0,"axis":"y","origin":[10.571428,19.142857,13.428572]},"faces":{"east":{"uv":[4.25,5.875,4.625,6.4375],"rotation":0,"texture":"#0","tintindex":0},"south":{"uv":[0.0,6.125,0.3125,6.6875],"rotation":0,"texture":"#0","tintindex":0},"north":{"uv":[3.75,6.0625,4.0625,6.625],"rotation":0,"texture":"#0","tintindex":0},"west":{"uv":[5.9375,3.875,6.3125,4.4375],"rotation":0,"texture":"#0","tintindex":0},"up":{"uv":[6.875,0.875,6.5625,0.5],"rotation":0,"texture":"#0","tintindex":0},"down":{"uv":[6.875,2.0,6.5625,2.375],"rotation":0,"texture":"#0","tintindex":0}}},{"from":[6.5714283,2.8571424,7.428571],"to":[9.428572,4.0,8.0],"rotation":{"angle":0.0,"axis":"y","origin":[10.571428,19.142857,13.428572]},"faces":{"east":{"uv":[2.3125,4.0,2.375,4.125],"rotation":0,"texture":"#0","tintindex":0},"south":{"uv":[7.0,1.25,7.3125,1.375],"rotation":0,"texture":"#0","tintindex":0},"north":{"uv":[6.9375,6.375,7.25,6.5],"rotation":0,"texture":"#0","tintindex":0},"west":{"uv":[2.25,4.5625,2.3125,4.6875],"rotation":0,"texture":"#0","tintindex":0},"up":{"uv":[7.3125,4.6875,7.0,4.625],"rotation":0,"texture":"#0","tintindex":0},"down":{"uv":[7.3125,6.125,7.0,6.1875],"rotation":0,"texture":"#0","tintindex":0}}}],"display":{"head":{"translation":[0.0,-6.4,0.0],"scale":[4.0,4.0,4.0]}}}