{"textures":{"0":"modelengine:entity/viking_miniboss"},"elements":[{"from":[8.0,5.7142024,5.3999996],"to":[10.285714,7.9999166,10.542857],"rotation":{"angle":0.0,"axis":"y","origin":[10.142858,6.0857143,7.428571]},"faces":{"east":{"uv":[6.4375,1.75,7.0,2.0],"rotation":0,"texture":"#0","tintindex":0},"south":{"uv":[6.875,6.5,7.125,6.75],"rotation":0,"texture":"#0","tintindex":0},"north":{"uv":[5.4375,6.8125,5.6875,7.0625],"rotation":0,"texture":"#0","tintindex":0},"west":{"uv":[4.625,6.4375,5.1875,6.6875],"rotation":0,"texture":"#0","tintindex":0},"up":{"uv":[3.0,7.0,2.75,6.4375],"rotation":0,"texture":"#0","tintindex":0},"down":{"uv":[5.4375,6.4375,5.1875,7.0],"rotation":0,"texture":"#0","tintindex":0}}},{"from":[8.020944,4.2768035,5.457143],"to":[11.449515,6.562518,10.6],"rotation":{"angle":22.5,"axis":"z","origin":[10.142858,6.0857143,7.428571]},"faces":{"east":{"uv":[6.4375,5.6875,7.0,5.9375],"rotation":0,"texture":"#0","tintindex":0},"south":{"uv":[6.0625,6.75,6.4375,7.0],"rotation":0,"texture":"#0","tintindex":0},"north":{"uv":[5.6875,6.75,6.0625,7.0],"rotation":0,"texture":"#0","tintindex":0},"west":{"uv":[6.4375,5.9375,7.0,6.1875],"rotation":0,"texture":"#0","tintindex":0},"up":{"uv":[6.125,5.0,5.75,4.4375],"rotation":0,"texture":"#0","tintindex":0},"down":{"uv":[6.1875,1.0,5.8125,1.5625],"rotation":0,"texture":"#0","tintindex":0}}},{"from":[10.285714,5.7142024,5.3999996],"to":[12.0,7.9999166,8.257143],"rotation":{"angle":0.0,"axis":"y","origin":[10.142858,6.0857143,7.428571]},"faces":{"east":{"uv":[6.875,2.25,7.1875,2.5],"rotation":0,"texture":"#0","tintindex":0},"south":{"uv":[3.625,7.0,3.8125,7.25],"rotation":0,"texture":"#0","tintindex":0},"north":{"uv":[3.125,7.0,3.3125,7.25],"rotation":0,"texture":"#0","tintindex":0},"west":{"uv":[6.875,2.5,7.1875,2.75],"rotation":0,"texture":"#0","tintindex":0},"up":{"uv":[0.4375,7.25,0.25,6.9375],"rotation":0,"texture":"#0","tintindex":0},"down":{"uv":[7.1875,1.6875,7.0,2.0],"rotation":0,"texture":"#0","tintindex":0}}},{"from":[9.142858,5.1427736,-1.4571428],"to":[10.857143,7.4284883,13.971429],"rotation":{"angle":0.0,"axis":"y","origin":[10.142858,6.0857143,7.428571]},"faces":{"east":{"uv":[4.125,1.125,5.8125,1.375],"rotation":0,"texture":"#0","tintindex":0},"south":{"uv":[7.0,5.25,7.1875,5.5],"rotation":0,"texture":"#0","tintindex":0},"north":{"uv":[5.1875,7.0,5.375,7.25],"rotation":0,"texture":"#0","tintindex":0},"west":{"uv":[4.125,1.375,5.8125,1.625],"rotation":0,"texture":"#0","tintindex":0},"up":{"uv":[1.375,6.375,1.1875,4.6875],"rotation":0,"texture":"#0","tintindex":0},"down":{"uv":[4.25,4.875,4.0625,6.5625],"rotation":0,"texture":"#0","tintindex":0}}},{"from":[8.571428,4.5713453,-6.028572],"to":[11.428572,7.9999166,-1.4571428],"rotation":{"angle":0.0,"axis":"y","origin":[10.142858,6.0857143,7.428571]},"faces":{"east":{"uv":[6.0625,0.5,6.5625,0.875],"rotation":0,"texture":"#0","tintindex":0},"south":{"uv":[6.5625,4.875,6.875,5.25],"rotation":0,"texture":"#0","tintindex":0},"north":{"uv":[6.5625,2.375,6.875,2.75],"rotation":0,"texture":"#0","tintindex":0},"west":{"uv":[6.0625,2.0,6.5625,2.375],"rotation":0,"texture":"#0","tintindex":0},"up":{"uv":[3.3125,6.8125,3.0,6.3125],"rotation":0,"texture":"#0","tintindex":0},"down":{"uv":[3.625,6.3125,3.3125,6.8125],"rotation":0,"texture":"#0","tintindex":0}}},{"from":[8.571428,4.5713453,13.971429],"to":[11.428572,7.9999166,18.542858],"rotation":{"angle":0.0,"axis":"y","origin":[10.142858,6.0857143,7.428571]},"faces":{"east":{"uv":[6.0625,2.375,6.5625,2.75],"rotation":0,"texture":"#0","tintindex":0},"south":{"uv":[3.625,6.625,3.9375,7.0],"rotation":0,"texture":"#0","tintindex":0},"north":{"uv":[6.5625,6.5,6.875,6.875],"rotation":0,"texture":"#0","tintindex":0},"west":{"uv":[2.5,6.0625,3.0,6.4375],"rotation":0,"texture":"#0","tintindex":0},"up":{"uv":[6.625,4.3125,6.3125,3.8125],"rotation":0,"texture":"#0","tintindex":0},"down":{"uv":[1.3125,6.375,1.0,6.875],"rotation":0,"texture":"#0","tintindex":0}}},{"from":[8.0,3.4284878,-12.8857155],"to":[12.0,10.285631,-6.028572],"rotation":{"angle":0.0,"axis":"y","origin":[10.142858,6.0857143,7.428571]},"faces":{"east":{"uv":[0.75,3.625,0.0,4.375],"rotation":0,"texture":"#0","tintindex":0},"south":{"uv":[2.75,4.875,3.1875,5.625],"rotation":0,"texture":"#0","tintindex":0},"north":{"uv":[4.875,0.0,5.3125,0.75],"rotation":0,"texture":"#0","tintindex":0},"west":{"uv":[0.0,3.625,0.75,4.375],"rotation":0,"texture":"#0","tintindex":0},"up":{"uv":[3.625,5.625,3.1875,4.875],"rotation":0,"texture":"#0","tintindex":0},"down":{"uv":[4.0625,4.875,3.625,5.625],"rotation":0,"texture":"#0","tintindex":0}}},{"from":[9.142858,1.1427736,-12.8857155],"to":[10.857143,3.4284878,-6.028572],"rotation":{"angle":0.0,"axis":"y","origin":[10.142858,6.0857143,7.428571]},"faces":{"east":{"uv":[6.875,3.0625,6.125,3.3125],"rotation":0,"texture":"#0","tintindex":0},"south":{"uv":[7.0,5.6875,7.1875,5.9375],"rotation":0,"texture":"#0","tintindex":0},"north":{"uv":[5.6875,7.0,5.875,7.25],"rotation":0,"texture":"#0","tintindex":0},"west":{"uv":[6.125,3.0625,6.875,3.3125],"rotation":0,"texture":"#0","tintindex":0},"up":{"uv":[1.5,7.25,1.3125,6.5],"rotation":0,"texture":"#0","tintindex":0},"down":{"uv":[1.6875,6.5,1.5,7.25],"rotation":0,"texture":"#0","tintindex":0}}},{"from":[9.142858,-3.4286547,-12.8857155],"to":[10.857143,1.1427736,-0.31428623],"rotation":{"angle":0.0,"axis":"y","origin":[10.142858,6.0857143,7.428571]},"faces":{"east":{"uv":[3.75,3.0,2.375,3.5],"rotation":0,"texture":"#0","tintindex":0},"south":{"uv":[2.5625,6.8125,2.75,7.3125],"rotation":0,"texture":"#0","tintindex":0},"north":{"uv":[2.375,6.8125,2.5625,7.3125],"rotation":0,"texture":"#0","tintindex":0},"west":{"uv":[2.375,3.0,3.75,3.5],"rotation":0,"texture":"#0","tintindex":0},"up":{"uv":[2.0625,6.5,1.875,5.125],"rotation":0,"texture":"#0","tintindex":0},"down":{"uv":[0.6875,5.25,0.5,6.625],"rotation":0,"texture":"#0","tintindex":0}}}],"display":{"head":{"translation":[0.0,-6.4,0.0],"scale":[4.0,4.0,4.0]}}}