{"textures":{"0":"modelengine:entity/viking_miniboss"},"elements":[{"from":[7.142857,7.161022,6.1787705],"to":[8.857143,8.875308,7.8930564],"rotation":{"angle":0.0,"axis":"y","origin":[8.857143,-17.410408,7.8930564]},"faces":{"east":{"uv":[6.1875,1.375,6.375,1.5625],"rotation":0,"texture":"#0","tintindex":0},"south":{"uv":[5.875,7.0,6.0625,7.1875],"rotation":0,"texture":"#0","tintindex":0},"north":{"uv":[4.875,2.1875,5.0625,2.375],"rotation":0,"texture":"#0","tintindex":0},"west":{"uv":[7.0,5.9375,7.1875,6.125],"rotation":0,"texture":"#0","tintindex":0},"up":{"uv":[6.25,7.1875,6.0625,7.0],"rotation":0,"texture":"#0","tintindex":0},"down":{"uv":[6.4375,7.0,6.25,7.1875],"rotation":0,"texture":"#0","tintindex":0}}},{"from":[6.5714283,7.161022,1.6073422],"to":[9.428572,10.018166,6.1787705],"rotation":{"angle":0.0,"axis":"y","origin":[8.857143,-16.83898,7.8930564]},"faces":{"east":{"uv":[1.375,6.1875,1.875,6.5],"rotation":0,"texture":"#0","tintindex":0},"south":{"uv":[4.8125,6.6875,5.125,7.0],"rotation":0,"texture":"#0","tintindex":0},"north":{"uv":[6.625,6.1875,6.9375,6.5],"rotation":0,"texture":"#0","tintindex":0},"west":{"uv":[6.125,6.1875,6.625,6.5],"rotation":0,"texture":"#0","tintindex":0},"up":{"uv":[1.0,6.75,0.6875,6.25],"rotation":0,"texture":"#0","tintindex":0},"down":{"uv":[2.375,6.25,2.0625,6.75],"rotation":0,"texture":"#0","tintindex":0}}},{"from":[7.142857,7.7324505,1.0359135],"to":[8.857143,11.7324505,3.3216276],"rotation":{"angle":0.0,"axis":"y","origin":[8.857143,-16.83898,7.8930564]},"faces":{"east":{"uv":[3.9375,6.625,4.1875,7.0625],"rotation":0,"texture":"#0","tintindex":0},"south":{"uv":[4.1875,6.8125,4.375,7.25],"rotation":0,"texture":"#0","tintindex":0},"north":{"uv":[3.4375,6.8125,3.625,7.25],"rotation":0,"texture":"#0","tintindex":0},"west":{"uv":[0.0,6.6875,0.25,7.125],"rotation":0,"texture":"#0","tintindex":0},"up":{"uv":[7.1875,4.5625,7.0,4.3125],"rotation":0,"texture":"#0","tintindex":0},"down":{"uv":[5.0,7.0,4.8125,7.25],"rotation":0,"texture":"#0","tintindex":0}}},{"from":[7.428571,11.142858,1.7142854],"to":[8.571428,13.428572,2.8571424],"rotation":{"angle":22.5,"axis":"x","origin":[8.0,13.142858,2.8571424]},"faces":{"east":{"uv":[1.9375,6.5,2.0625,6.75],"rotation":0,"texture":"#0","tintindex":0},"south":{"uv":[3.3125,7.0,3.4375,7.25],"rotation":0,"texture":"#0","tintindex":0},"north":{"uv":[3.625,6.3125,3.75,6.5625],"rotation":0,"texture":"#0","tintindex":0},"west":{"uv":[3.8125,7.0,3.9375,7.25],"rotation":0,"texture":"#0","tintindex":0},"up":{"uv":[5.625,4.5625,5.5,4.4375],"rotation":0,"texture":"#0","tintindex":0},"down":{"uv":[5.75,4.4375,5.625,4.5625],"rotation":0,"texture":"#0","tintindex":0}}}],"display":{"head":{"translation":[0.0,-6.4,0.0],"scale":[4.0,4.0,4.0]}}}