{"textures":{"0":"modelengine:entity/viking_miniboss"},"elements":[{"from":[2.8571424,4.8571424,4.8571424],"to":[8.0,10.0,11.142858],"rotation":{"angle":0.0,"axis":"y","origin":[20.857143,4.5714283,8.0]},"faces":{"east":{"uv":[4.25,4.125,4.9375,4.6875],"rotation":0,"texture":"#0","tintindex":0},"south":{"uv":[5.0,1.625,5.5625,2.1875],"rotation":0,"texture":"#0","tintindex":0},"north":{"uv":[4.9375,4.0,5.5,4.5625],"rotation":0,"texture":"#0","tintindex":0},"west":{"uv":[4.3125,1.625,5.0,2.1875],"rotation":0,"texture":"#0","tintindex":0},"up":{"uv":[0.5625,5.0625,0.0,4.375],"rotation":0,"texture":"#0","tintindex":0},"down":{"uv":[5.0625,2.75,4.5,3.4375],"rotation":0,"texture":"#0","tintindex":0}}},{"from":[3.2857141,2.5714283,5.428571],"to":[7.285714,4.8571424,10.571428],"rotation":{"angle":0.0,"axis":"y","origin":[20.857143,4.5714283,8.0]},"faces":{"east":{"uv":[6.25,2.75,6.8125,3.0],"rotation":0,"texture":"#0","tintindex":0},"south":{"uv":[6.625,4.0625,7.0625,4.3125],"rotation":0,"texture":"#0","tintindex":0},"north":{"uv":[6.625,3.8125,7.0625,4.0625],"rotation":0,"texture":"#0","tintindex":0},"west":{"uv":[6.375,0.0,6.9375,0.25],"rotation":0,"texture":"#0","tintindex":0},"up":{"uv":[5.25,6.0,4.8125,5.4375],"rotation":0,"texture":"#0","tintindex":0},"down":{"uv":[5.6875,5.4375,5.25,6.0],"rotation":0,"texture":"#0","tintindex":0}}}],"display":{"head":{"translation":[0.0,-6.4,0.0],"scale":[4.0,4.0,4.0]}}}