{"textures":{"0":"modelengine:entity/viking_miniboss"},"elements":[{"from":[5.978854,7.4368696,2.8571424],"to":[9.978854,8.008298,8.0],"rotation":{"angle":0.0,"axis":"y","origin":[23.550282,10.008298,5.428571]},"faces":{"east":{"uv":[3.75,3.4375,4.3125,3.5],"rotation":0,"texture":"#0","tintindex":0},"south":{"uv":[7.0,4.5625,7.4375,4.625],"rotation":0,"texture":"#0","tintindex":0},"north":{"uv":[6.9375,0.1875,7.375,0.25],"rotation":0,"texture":"#0","tintindex":0},"west":{"uv":[5.3125,0.6875,5.875,0.75],"rotation":0,"texture":"#0","tintindex":0},"up":{"uv":[5.9375,4.4375,5.5,3.875],"rotation":0,"texture":"#0","tintindex":0},"down":{"uv":[6.0,1.625,5.5625,2.1875],"rotation":0,"texture":"#0","tintindex":0}}},{"from":[5.6931396,2.294012,2.5714283],"to":[10.264568,7.4368696,8.285714],"rotation":{"angle":0.0,"axis":"y","origin":[23.550282,10.008298,5.428571]},"faces":{"east":{"uv":[0.5625,4.6875,1.1875,5.25],"rotation":0,"texture":"#0","tintindex":0},"south":{"uv":[5.125,3.0625,5.625,3.625],"rotation":0,"texture":"#0","tintindex":0},"north":{"uv":[1.375,5.125,1.875,5.6875],"rotation":0,"texture":"#0","tintindex":0},"west":{"uv":[2.125,4.6875,2.75,5.25],"rotation":0,"texture":"#0","tintindex":0},"up":{"uv":[0.5,5.6875,0.0,5.0625],"rotation":0,"texture":"#0","tintindex":0},"down":{"uv":[5.5625,2.1875,5.0625,2.8125],"rotation":0,"texture":"#0","tintindex":0}}}],"display":{"head":{"translation":[0.0,-6.4,0.0],"scale":[4.0,4.0,4.0]}}}