{"textures":{"0":"modelengine:entity/viking_miniboss"},"elements":[{"from":[5.714286,5.7142024,5.3999996],"to":[8.0,7.9999166,10.542857],"rotation":{"angle":0.0,"axis":"y","origin":[5.8571424,6.0857143,7.428571]},"faces":{"east":{"uv":[5.1875,6.4375,4.625,6.6875],"rotation":0,"texture":"#0","tintindex":0},"south":{"uv":[7.125,6.5,6.875,6.75],"rotation":0,"texture":"#0","tintindex":0},"north":{"uv":[5.6875,6.8125,5.4375,7.0625],"rotation":0,"texture":"#0","tintindex":0},"west":{"uv":[7.0,1.75,6.4375,2.0],"rotation":0,"texture":"#0","tintindex":0},"up":{"uv":[2.75,7.0,3.0,6.4375],"rotation":0,"texture":"#0","tintindex":0},"down":{"uv":[5.1875,6.4375,5.4375,7.0],"rotation":0,"texture":"#0","tintindex":0}}},{"from":[4.5504847,4.2768035,5.457143],"to":[7.979056,6.562518,10.6],"rotation":{"angle":-22.5,"axis":"z","origin":[5.8571424,6.0857143,7.428571]},"faces":{"east":{"uv":[7.0,5.9375,6.4375,6.1875],"rotation":0,"texture":"#0","tintindex":0},"south":{"uv":[6.4375,6.75,6.0625,7.0],"rotation":0,"texture":"#0","tintindex":0},"north":{"uv":[6.0625,6.75,5.6875,7.0],"rotation":0,"texture":"#0","tintindex":0},"west":{"uv":[7.0,5.6875,6.4375,5.9375],"rotation":0,"texture":"#0","tintindex":0},"up":{"uv":[5.75,5.0,6.125,4.4375],"rotation":0,"texture":"#0","tintindex":0},"down":{"uv":[5.8125,1.0,6.1875,1.5625],"rotation":0,"texture":"#0","tintindex":0}}},{"from":[4.0,5.7142024,5.3999996],"to":[5.714286,7.9999166,8.257143],"rotation":{"angle":0.0,"axis":"y","origin":[5.8571424,6.0857143,7.428571]},"faces":{"east":{"uv":[7.1875,2.5,6.875,2.75],"rotation":0,"texture":"#0","tintindex":0},"south":{"uv":[3.8125,7.0,3.625,7.25],"rotation":0,"texture":"#0","tintindex":0},"north":{"uv":[3.3125,7.0,3.125,7.25],"rotation":0,"texture":"#0","tintindex":0},"west":{"uv":[7.1875,2.25,6.875,2.5],"rotation":0,"texture":"#0","tintindex":0},"up":{"uv":[0.25,7.25,0.4375,6.9375],"rotation":0,"texture":"#0","tintindex":0},"down":{"uv":[7.0,1.6875,7.1875,2.0],"rotation":0,"texture":"#0","tintindex":0}}},{"from":[5.142857,5.1427736,-1.4571428],"to":[6.857143,7.4284883,13.971429],"rotation":{"angle":0.0,"axis":"y","origin":[5.8571424,6.0857143,7.428571]},"faces":{"east":{"uv":[5.8125,1.375,4.125,1.625],"rotation":0,"texture":"#0","tintindex":0},"south":{"uv":[7.1875,5.25,7.0,5.5],"rotation":0,"texture":"#0","tintindex":0},"north":{"uv":[5.375,7.0,5.1875,7.25],"rotation":0,"texture":"#0","tintindex":0},"west":{"uv":[5.8125,1.125,4.125,1.375],"rotation":0,"texture":"#0","tintindex":0},"up":{"uv":[1.1875,6.375,1.375,4.6875],"rotation":0,"texture":"#0","tintindex":0},"down":{"uv":[4.0625,4.875,4.25,6.5625],"rotation":0,"texture":"#0","tintindex":0}}},{"from":[4.5714283,4.5713453,-6.028572],"to":[7.428571,7.9999166,-1.4571428],"rotation":{"angle":0.0,"axis":"y","origin":[5.8571424,6.0857143,7.428571]},"faces":{"east":{"uv":[6.5625,2.0,6.0625,2.375],"rotation":0,"texture":"#0","tintindex":0},"south":{"uv":[6.875,4.875,6.5625,5.25],"rotation":0,"texture":"#0","tintindex":0},"north":{"uv":[6.875,2.375,6.5625,2.75],"rotation":0,"texture":"#0","tintindex":0},"west":{"uv":[6.5625,0.5,6.0625,0.875],"rotation":0,"texture":"#0","tintindex":0},"up":{"uv":[3.0,6.8125,3.3125,6.3125],"rotation":0,"texture":"#0","tintindex":0},"down":{"uv":[3.3125,6.3125,3.625,6.8125],"rotation":0,"texture":"#0","tintindex":0}}},{"from":[4.5714283,4.5713453,13.971429],"to":[7.428571,7.9999166,18.542858],"rotation":{"angle":0.0,"axis":"y","origin":[5.8571424,6.0857143,7.428571]},"faces":{"east":{"uv":[3.0,6.0625,2.5,6.4375],"rotation":0,"texture":"#0","tintindex":0},"south":{"uv":[3.9375,6.625,3.625,7.0],"rotation":0,"texture":"#0","tintindex":0},"north":{"uv":[6.875,6.5,6.5625,6.875],"rotation":0,"texture":"#0","tintindex":0},"west":{"uv":[6.5625,2.375,6.0625,2.75],"rotation":0,"texture":"#0","tintindex":0},"up":{"uv":[6.3125,4.3125,6.625,3.8125],"rotation":0,"texture":"#0","tintindex":0},"down":{"uv":[1.0,6.375,1.3125,6.875],"rotation":0,"texture":"#0","tintindex":0}}},{"from":[4.0,3.4284878,-12.8857155],"to":[8.0,10.285631,-6.028572],"rotation":{"angle":0.0,"axis":"y","origin":[5.8571424,6.0857143,7.428571]},"faces":{"east":{"uv":[0.75,3.625,0.0,4.375],"rotation":0,"texture":"#0","tintindex":0},"south":{"uv":[3.1875,4.875,2.75,5.625],"rotation":0,"texture":"#0","tintindex":0},"north":{"uv":[5.3125,0.0,4.875,0.75],"rotation":0,"texture":"#0","tintindex":0},"west":{"uv":[0.0,3.625,0.75,4.375],"rotation":0,"texture":"#0","tintindex":0},"up":{"uv":[3.1875,5.625,3.625,4.875],"rotation":0,"texture":"#0","tintindex":0},"down":{"uv":[3.625,4.875,4.0625,5.625],"rotation":0,"texture":"#0","tintindex":0}}},{"from":[5.142857,1.1427736,-12.8857155],"to":[6.857143,3.4284878,-6.028572],"rotation":{"angle":0.0,"axis":"y","origin":[5.8571424,6.0857143,7.428571]},"faces":{"east":{"uv":[6.875,3.0625,6.125,3.3125],"rotation":0,"texture":"#0","tintindex":0},"south":{"uv":[7.1875,5.6875,7.0,5.9375],"rotation":0,"texture":"#0","tintindex":0},"north":{"uv":[5.875,7.0,5.6875,7.25],"rotation":0,"texture":"#0","tintindex":0},"west":{"uv":[6.125,3.0625,6.875,3.3125],"rotation":0,"texture":"#0","tintindex":0},"up":{"uv":[1.3125,7.25,1.5,6.5],"rotation":0,"texture":"#0","tintindex":0},"down":{"uv":[1.5,6.5,1.6875,7.25],"rotation":0,"texture":"#0","tintindex":0}}},{"from":[5.142857,-3.4286547,-12.8857155],"to":[6.857143,1.1427736,-0.31428623],"rotation":{"angle":0.0,"axis":"y","origin":[5.8571424,6.0857143,7.428571]},"faces":{"east":{"uv":[3.75,3.0,2.375,3.5],"rotation":0,"texture":"#0","tintindex":0},"south":{"uv":[2.75,6.8125,2.5625,7.3125],"rotation":0,"texture":"#0","tintindex":0},"north":{"uv":[2.5625,6.8125,2.375,7.3125],"rotation":0,"texture":"#0","tintindex":0},"west":{"uv":[2.375,3.0,3.75,3.5],"rotation":0,"texture":"#0","tintindex":0},"up":{"uv":[1.875,6.5,2.0625,5.125],"rotation":0,"texture":"#0","tintindex":0},"down":{"uv":[0.5,5.25,0.6875,6.625],"rotation":0,"texture":"#0","tintindex":0}}}],"display":{"head":{"translation":[0.0,-6.4,0.0],"scale":[4.0,4.0,4.0]}}}