{"textures":{"0":"modelengine:entity/viking_miniboss"},"elements":[{"from":[7.142857,7.161022,6.1787705],"to":[8.857143,8.875308,7.8930564],"rotation":{"angle":0.0,"axis":"y","origin":[7.142857,-17.410408,7.8930564]},"faces":{"east":{"uv":[7.1875,5.9375,7.0,6.125],"rotation":0,"texture":"#0","tintindex":0},"south":{"uv":[6.0625,7.0,5.875,7.1875],"rotation":0,"texture":"#0","tintindex":0},"north":{"uv":[5.0625,2.1875,4.875,2.375],"rotation":0,"texture":"#0","tintindex":0},"west":{"uv":[6.375,1.375,6.1875,1.5625],"rotation":0,"texture":"#0","tintindex":0},"up":{"uv":[6.0625,7.1875,6.25,7.0],"rotation":0,"texture":"#0","tintindex":0},"down":{"uv":[6.25,7.0,6.4375,7.1875],"rotation":0,"texture":"#0","tintindex":0}}},{"from":[6.5714283,7.161022,1.6073422],"to":[9.428572,10.018166,6.1787705],"rotation":{"angle":0.0,"axis":"y","origin":[7.142857,-16.83898,7.8930564]},"faces":{"east":{"uv":[6.625,6.1875,6.125,6.5],"rotation":0,"texture":"#0","tintindex":0},"south":{"uv":[5.125,6.6875,4.8125,7.0],"rotation":0,"texture":"#0","tintindex":0},"north":{"uv":[6.9375,6.1875,6.625,6.5],"rotation":0,"texture":"#0","tintindex":0},"west":{"uv":[1.875,6.1875,1.375,6.5],"rotation":0,"texture":"#0","tintindex":0},"up":{"uv":[0.6875,6.75,1.0,6.25],"rotation":0,"texture":"#0","tintindex":0},"down":{"uv":[2.0625,6.25,2.375,6.75],"rotation":0,"texture":"#0","tintindex":0}}},{"from":[7.142857,7.7324505,1.0359135],"to":[8.857143,11.7324505,3.3216276],"rotation":{"angle":0.0,"axis":"y","origin":[7.142857,-16.83898,7.8930564]},"faces":{"east":{"uv":[0.25,6.6875,0.0,7.125],"rotation":0,"texture":"#0","tintindex":0},"south":{"uv":[4.375,6.8125,4.1875,7.25],"rotation":0,"texture":"#0","tintindex":0},"north":{"uv":[3.625,6.8125,3.4375,7.25],"rotation":0,"texture":"#0","tintindex":0},"west":{"uv":[4.1875,6.625,3.9375,7.0625],"rotation":0,"texture":"#0","tintindex":0},"up":{"uv":[7.0,4.5625,7.1875,4.3125],"rotation":0,"texture":"#0","tintindex":0},"down":{"uv":[4.8125,7.0,5.0,7.25],"rotation":0,"texture":"#0","tintindex":0}}},{"from":[7.428571,11.142858,1.7142854],"to":[8.571428,13.428572,2.8571424],"rotation":{"angle":22.5,"axis":"x","origin":[8.0,13.142858,2.8571424]},"faces":{"east":{"uv":[3.9375,7.0,3.8125,7.25],"rotation":0,"texture":"#0","tintindex":0},"south":{"uv":[3.4375,7.0,3.3125,7.25],"rotation":0,"texture":"#0","tintindex":0},"north":{"uv":[3.75,6.3125,3.625,6.5625],"rotation":0,"texture":"#0","tintindex":0},"west":{"uv":[2.0625,6.5,1.9375,6.75],"rotation":0,"texture":"#0","tintindex":0},"up":{"uv":[5.5,4.5625,5.625,4.4375],"rotation":0,"texture":"#0","tintindex":0},"down":{"uv":[5.625,4.4375,5.75,4.5625],"rotation":0,"texture":"#0","tintindex":0}}}],"display":{"head":{"translation":[0.0,-6.4,0.0],"scale":[4.0,4.0,4.0]}}}