{"textures":{"0":"modelengine:entity/viking_miniboss"},"elements":[{"from":[8.0,4.8571424,4.8571424],"to":[13.142858,10.0,11.142858],"rotation":{"angle":0.0,"axis":"y","origin":[-4.8571434,4.5714283,8.0]},"faces":{"east":{"uv":[5.0,1.625,4.3125,2.1875],"rotation":0,"texture":"#0","tintindex":0},"south":{"uv":[5.5625,1.625,5.0,2.1875],"rotation":0,"texture":"#0","tintindex":0},"north":{"uv":[5.5,4.0,4.9375,4.5625],"rotation":0,"texture":"#0","tintindex":0},"west":{"uv":[4.9375,4.125,4.25,4.6875],"rotation":0,"texture":"#0","tintindex":0},"up":{"uv":[0.0,5.0625,0.5625,4.375],"rotation":0,"texture":"#0","tintindex":0},"down":{"uv":[4.5,2.75,5.0625,3.4375],"rotation":0,"texture":"#0","tintindex":0}}},{"from":[8.714286,2.5714283,5.428571],"to":[12.714286,4.8571424,10.571428],"rotation":{"angle":0.0,"axis":"y","origin":[-4.8571434,4.5714283,8.0]},"faces":{"east":{"uv":[6.9375,0.0,6.375,0.25],"rotation":0,"texture":"#0","tintindex":0},"south":{"uv":[7.0625,4.0625,6.625,4.3125],"rotation":0,"texture":"#0","tintindex":0},"north":{"uv":[7.0625,3.8125,6.625,4.0625],"rotation":0,"texture":"#0","tintindex":0},"west":{"uv":[6.8125,2.75,6.25,3.0],"rotation":0,"texture":"#0","tintindex":0},"up":{"uv":[4.8125,6.0,5.25,5.4375],"rotation":0,"texture":"#0","tintindex":0},"down":{"uv":[5.25,5.4375,5.6875,6.0],"rotation":0,"texture":"#0","tintindex":0}}}],"display":{"head":{"translation":[0.0,-6.4,0.0],"scale":[4.0,4.0,4.0]}}}