{"textures":{"0":"modelengine:entity/viking_miniboss"},"elements":[{"from":[7.142857,8.666667,7.6666665],"to":[8.857143,10.952381,23.095238],"rotation":{"angle":0.0,"axis":"y","origin":[7.857143,9.609607,16.552382]},"faces":{"east":{"uv":[5.8125,1.375,4.125,1.625],"rotation":0,"texture":"#0","tintindex":0},"south":{"uv":[7.1875,5.25,7.0,5.5],"rotation":0,"texture":"#0","tintindex":0},"north":{"uv":[5.375,7.0,5.1875,7.25],"rotation":0,"texture":"#0","tintindex":0},"west":{"uv":[5.8125,1.125,4.125,1.375],"rotation":0,"texture":"#0","tintindex":0},"up":{"uv":[1.1875,6.375,1.375,4.6875],"rotation":0,"texture":"#0","tintindex":0},"down":{"uv":[4.0625,4.875,4.25,6.5625],"rotation":0,"texture":"#0","tintindex":0}}},{"from":[6.5714283,8.095238,3.0952382],"to":[9.428572,11.523809,7.6666665],"rotation":{"angle":0.0,"axis":"y","origin":[7.857143,9.609607,16.552382]},"faces":{"east":{"uv":[6.5625,2.0,6.0625,2.375],"rotation":0,"texture":"#0","tintindex":0},"south":{"uv":[6.875,4.875,6.5625,5.25],"rotation":0,"texture":"#0","tintindex":0},"north":{"uv":[6.875,2.375,6.5625,2.75],"rotation":0,"texture":"#0","tintindex":0},"west":{"uv":[6.5625,0.5,6.0625,0.875],"rotation":0,"texture":"#0","tintindex":0},"up":{"uv":[3.0,6.8125,3.3125,6.3125],"rotation":0,"texture":"#0","tintindex":0},"down":{"uv":[3.3125,6.3125,3.625,6.8125],"rotation":0,"texture":"#0","tintindex":0}}},{"from":[6.5714283,8.095238,23.095238],"to":[9.428572,11.523809,27.666668],"rotation":{"angle":0.0,"axis":"y","origin":[7.857143,9.609607,16.552382]},"faces":{"east":{"uv":[3.0,6.0625,2.5,6.4375],"rotation":0,"texture":"#0","tintindex":0},"south":{"uv":[3.9375,6.625,3.625,7.0],"rotation":0,"texture":"#0","tintindex":0},"north":{"uv":[6.875,6.5,6.5625,6.875],"rotation":0,"texture":"#0","tintindex":0},"west":{"uv":[6.5625,2.375,6.0625,2.75],"rotation":0,"texture":"#0","tintindex":0},"up":{"uv":[6.3125,4.3125,6.625,3.8125],"rotation":0,"texture":"#0","tintindex":0},"down":{"uv":[1.0,6.375,1.3125,6.875],"rotation":0,"texture":"#0","tintindex":0}}},{"from":[6.0,6.952381,-3.7619057],"to":[10.0,13.809525,3.0952382],"rotation":{"angle":0.0,"axis":"y","origin":[7.857143,9.609607,16.552382]},"faces":{"east":{"uv":[0.75,3.625,0.0,4.375],"rotation":0,"texture":"#0","tintindex":0},"south":{"uv":[3.1875,4.875,2.75,5.625],"rotation":0,"texture":"#0","tintindex":0},"north":{"uv":[5.3125,0.0,4.875,0.75],"rotation":0,"texture":"#0","tintindex":0},"west":{"uv":[0.0,3.625,0.75,4.375],"rotation":0,"texture":"#0","tintindex":0},"up":{"uv":[3.1875,5.625,3.625,4.875],"rotation":0,"texture":"#0","tintindex":0},"down":{"uv":[3.625,4.875,4.0625,5.625],"rotation":0,"texture":"#0","tintindex":0}}},{"from":[7.142857,4.6666665,-3.7619057],"to":[8.857143,6.952381,3.0952382],"rotation":{"angle":0.0,"axis":"y","origin":[7.857143,9.609607,16.552382]},"faces":{"east":{"uv":[6.875,3.0625,6.125,3.3125],"rotation":0,"texture":"#0","tintindex":0},"south":{"uv":[7.1875,5.6875,7.0,5.9375],"rotation":0,"texture":"#0","tintindex":0},"north":{"uv":[5.875,7.0,5.6875,7.25],"rotation":0,"texture":"#0","tintindex":0},"west":{"uv":[6.125,3.0625,6.875,3.3125],"rotation":0,"texture":"#0","tintindex":0},"up":{"uv":[1.3125,7.25,1.5,6.5],"rotation":0,"texture":"#0","tintindex":0},"down":{"uv":[1.5,6.5,1.6875,7.25],"rotation":0,"texture":"#0","tintindex":0}}},{"from":[7.142857,0.09523773,-3.7619057],"to":[8.857143,4.6666665,8.809524],"rotation":{"angle":0.0,"axis":"y","origin":[7.857143,9.609607,16.552382]},"faces":{"east":{"uv":[3.75,3.0,2.375,3.5],"rotation":0,"texture":"#0","tintindex":0},"south":{"uv":[2.75,6.8125,2.5625,7.3125],"rotation":0,"texture":"#0","tintindex":0},"north":{"uv":[2.5625,6.8125,2.375,7.3125],"rotation":0,"texture":"#0","tintindex":0},"west":{"uv":[2.375,3.0,3.75,3.5],"rotation":0,"texture":"#0","tintindex":0},"up":{"uv":[1.875,6.5,2.0625,5.125],"rotation":0,"texture":"#0","tintindex":0},"down":{"uv":[0.5,5.25,0.6875,6.625],"rotation":0,"texture":"#0","tintindex":0}}}],"display":{"head":{"translation":[0.0,-6.4,0.0],"scale":[4.0,4.0,4.0]}}}