{"textures":{"0":"modelengine:entity/wasteland_shaman"},"elements":[{"from":[5.714286,13.142858,7.857143],"to":[10.285714,14.857143,12.428572],"rotation":{"angle":0.0,"axis":"y","origin":[8.0,8.0,8.0]},"faces":{"east":{"uv":[10.25,8.25,10.75,8.625],"rotation":0,"texture":"#0","tintindex":0},"south":{"uv":[10.75,8.25,11.25,8.625],"rotation":0,"texture":"#0","tintindex":0},"north":{"uv":[12.0625,3.75,12.5625,4.125],"rotation":0,"texture":"#0","tintindex":0},"west":{"uv":[11.875,8.25,12.375,8.625],"rotation":0,"texture":"#0","tintindex":0},"up":{"uv":[9.25,5.125,8.75,4.125],"rotation":0,"texture":"#0","tintindex":0},"down":{"uv":[9.75,4.25,9.25,5.25],"rotation":0,"texture":"#0","tintindex":0}}},{"from":[6.285714,14.857143,8.428572],"to":[9.714286,16.0,10.142858],"rotation":{"angle":0.0,"axis":"y","origin":[8.0,8.0,8.0]},"faces":{"east":{"uv":[10.25,8.25,10.75,8.625],"rotation":0,"texture":"#0","tintindex":0},"south":{"uv":[10.75,8.25,11.25,8.625],"rotation":0,"texture":"#0","tintindex":0},"north":{"uv":[12.125,3.75,12.5,4.0],"rotation":0,"texture":"#0","tintindex":0},"west":{"uv":[11.875,8.25,12.375,8.625],"rotation":0,"texture":"#0","tintindex":0},"up":{"uv":[8.8125,4.75,9.1875,5.125],"rotation":0,"texture":"#0","tintindex":0},"down":{"uv":[9.75,4.25,9.25,5.25],"rotation":0,"texture":"#0","tintindex":0}}},{"from":[3.4285712,14.285715,12.0],"to":[4.5714283,15.428572,13.142858],"rotation":{"angle":-22.5,"axis":"x","origin":[8.0,8.0,8.0]},"faces":{"east":{"uv":[14.625,3.375,14.75,3.625],"rotation":0,"texture":"#0","tintindex":0},"south":{"uv":[14.625,3.375,14.75,3.625],"rotation":0,"texture":"#0","tintindex":0},"north":{"uv":[14.625,3.375,14.75,3.625],"rotation":0,"texture":"#0","tintindex":0},"west":{"uv":[14.625,3.375,14.75,3.625],"rotation":0,"texture":"#0","tintindex":0},"up":{"uv":[8.0,0.0,8.125,0.25],"rotation":0,"texture":"#0","tintindex":0},"down":{"uv":[8.0,0.0,8.125,0.25],"rotation":0,"texture":"#0","tintindex":0}}},{"from":[3.142857,15.428572,11.714286],"to":[4.8571424,16.0,13.428572],"rotation":{"angle":-22.5,"axis":"x","origin":[8.0,8.0,8.0]},"faces":{"east":{"uv":[14.1875,4.375,14.375,4.5],"rotation":0,"texture":"#0","tintindex":0},"south":{"uv":[14.1875,4.375,14.375,4.5],"rotation":0,"texture":"#0","tintindex":0},"north":{"uv":[14.25,4.375,14.4375,4.5],"rotation":0,"texture":"#0","tintindex":0},"west":{"uv":[14.1875,4.375,14.375,4.5],"rotation":0,"texture":"#0","tintindex":0},"up":{"uv":[14.625,3.75,14.8125,4.125],"rotation":0,"texture":"#0","tintindex":0},"down":{"uv":[14.625,3.75,14.8125,4.125],"rotation":0,"texture":"#0","tintindex":0}}},{"from":[2.8571424,12.0,11.428572],"to":[5.142857,14.285715,13.714286],"rotation":{"angle":-22.5,"axis":"x","origin":[8.0,8.0,8.0]},"faces":{"east":{"uv":[14.1875,4.375,14.4375,4.875],"rotation":0,"texture":"#0","tintindex":0},"south":{"uv":[14.1875,4.375,14.4375,4.875],"rotation":0,"texture":"#0","tintindex":0},"north":{"uv":[14.1875,4.375,14.4375,4.875],"rotation":0,"texture":"#0","tintindex":0},"west":{"uv":[14.1875,4.375,14.4375,4.875],"rotation":0,"texture":"#0","tintindex":0},"up":{"uv":[14.1875,4.375,14.4375,4.875],"rotation":0,"texture":"#0","tintindex":0},"down":{"uv":[14.1875,4.375,14.4375,4.875],"rotation":0,"texture":"#0","tintindex":0}}},{"from":[3.7142854,15.828571,12.228572],"to":[4.285714,16.400002,12.8],"rotation":{"angle":-22.5,"axis":"x","origin":[8.0,8.0,8.0]},"faces":{"east":{"uv":[8.0,0.0,8.0625,0.125],"rotation":0,"texture":"#0","tintindex":0},"south":{"uv":[8.0,0.0,8.0625,0.125],"rotation":0,"texture":"#0","tintindex":0},"north":{"uv":[8.0,0.0,8.0625,0.125],"rotation":0,"texture":"#0","tintindex":0},"west":{"uv":[8.0,0.0,8.0625,0.125],"rotation":0,"texture":"#0","tintindex":0},"up":{"uv":[8.0,0.0,8.0625,0.125],"rotation":0,"texture":"#0","tintindex":0},"down":{"uv":[8.0,0.0,8.0625,0.125],"rotation":0,"texture":"#0","tintindex":0}}}],"display":{"head":{"translation":[0.0,-6.4,0.0],"scale":[4.0,4.0,4.0]}}}