{"textures":{"0":"modelengine:entity/wasteland_shaman"},"elements":[{"from":[9.142858,8.829559,3.9356833],"to":[9.714286,9.972417,4.5071115],"rotation":{"angle":0.0,"axis":"y","origin":[8.0,-10.599012,9.078541]},"faces":{"east":{"uv":[12.75,0.5,12.8125,0.75],"rotation":0,"texture":"#0","tintindex":0},"south":{"uv":[8.3125,9.5,8.375,9.75],"rotation":0,"texture":"#0","tintindex":0},"north":{"uv":[8.25,9.5,8.3125,9.75],"rotation":0,"texture":"#0","tintindex":0},"west":{"uv":[8.375,9.5,8.4375,9.75],"rotation":0,"texture":"#0","tintindex":0},"up":{"uv":[9.0625,9.625,9.0,9.5],"rotation":0,"texture":"#0","tintindex":0},"down":{"uv":[9.125,9.5,9.0625,9.625],"rotation":0,"texture":"#0","tintindex":0}}},{"from":[6.285714,8.021438,4.7438054],"to":[6.857143,8.592866,6.458091],"rotation":{"angle":0.0,"axis":"y","origin":[5.142857,-10.264278,7.0295196]},"faces":{"east":{"uv":[11.9375,9.25,12.125,9.375],"rotation":0,"texture":"#0","tintindex":0},"south":{"uv":[9.1875,9.5,9.25,9.625],"rotation":0,"texture":"#0","tintindex":0},"north":{"uv":[9.125,9.5,9.1875,9.625],"rotation":0,"texture":"#0","tintindex":0},"west":{"uv":[12.625,8.0,12.8125,8.125],"rotation":0,"texture":"#0","tintindex":0},"up":{"uv":[9.4375,9.625,9.375,9.25],"rotation":0,"texture":"#0","tintindex":0},"down":{"uv":[11.5625,9.25,11.5,9.625],"rotation":0,"texture":"#0","tintindex":0}}},{"from":[6.285714,0.86320114,-8.831829],"to":[6.857143,1.4346299,-7.6889725],"rotation":{"angle":45.0,"axis":"x","origin":[5.142857,-10.565369,7.1681714]},"faces":{"east":{"uv":[11.375,6.375,11.5,6.5],"rotation":0,"texture":"#0","tintindex":0},"south":{"uv":[12.75,3.875,12.8125,4.0],"rotation":0,"texture":"#0","tintindex":0},"north":{"uv":[12.75,3.75,12.8125,3.875],"rotation":0,"texture":"#0","tintindex":0},"west":{"uv":[9.0,7.375,9.125,7.5],"rotation":0,"texture":"#0","tintindex":0},"up":{"uv":[8.8125,9.75,8.75,9.5],"rotation":0,"texture":"#0","tintindex":0},"down":{"uv":[8.9375,9.5,8.875,9.75],"rotation":0,"texture":"#0","tintindex":0}}},{"from":[6.285714,8.829559,3.9356833],"to":[6.857143,9.972417,4.5071115],"rotation":{"angle":0.0,"axis":"y","origin":[5.142857,-10.599012,9.078541]},"faces":{"east":{"uv":[8.5625,9.5,8.625,9.75],"rotation":0,"texture":"#0","tintindex":0},"south":{"uv":[12.75,1.25,12.8125,1.5],"rotation":0,"texture":"#0","tintindex":0},"north":{"uv":[8.5,9.5,8.5625,9.75],"rotation":0,"texture":"#0","tintindex":0},"west":{"uv":[8.6875,9.5,8.75,9.75],"rotation":0,"texture":"#0","tintindex":0},"up":{"uv":[9.3125,9.625,9.25,9.5],"rotation":0,"texture":"#0","tintindex":0},"down":{"uv":[9.375,9.5,9.3125,9.625],"rotation":0,"texture":"#0","tintindex":0}}},{"from":[9.142858,8.021438,4.7438054],"to":[9.714286,8.592866,6.458091],"rotation":{"angle":0.0,"axis":"y","origin":[8.0,-10.264278,7.0295196]},"faces":{"east":{"uv":[12.625,7.0,12.8125,7.125],"rotation":0,"texture":"#0","tintindex":0},"south":{"uv":[12.6875,7.5,12.75,7.625],"rotation":0,"texture":"#0","tintindex":0},"north":{"uv":[11.5625,9.25,11.625,9.375],"rotation":0,"texture":"#0","tintindex":0},"west":{"uv":[12.625,7.125,12.8125,7.25],"rotation":0,"texture":"#0","tintindex":0},"up":{"uv":[8.75,8.25,8.6875,7.875],"rotation":0,"texture":"#0","tintindex":0},"down":{"uv":[8.875,9.25,8.8125,9.625],"rotation":0,"texture":"#0","tintindex":0}}},{"from":[9.142858,0.86320114,-8.831829],"to":[9.714286,1.4346299,-7.6889725],"rotation":{"angle":45.0,"axis":"x","origin":[8.0,-10.565369,7.1681714]},"faces":{"east":{"uv":[10.625,2.125,10.75,2.25],"rotation":0,"texture":"#0","tintindex":0},"south":{"uv":[8.9375,9.5,9.0,9.625],"rotation":0,"texture":"#0","tintindex":0},"north":{"uv":[12.75,1.5,12.8125,1.625],"rotation":0,"texture":"#0","tintindex":0},"west":{"uv":[9.125,6.625,9.25,6.75],"rotation":0,"texture":"#0","tintindex":0},"up":{"uv":[12.8125,0.5,12.75,0.25],"rotation":0,"texture":"#0","tintindex":0},"down":{"uv":[8.25,9.5,8.1875,9.75],"rotation":0,"texture":"#0","tintindex":0}}},{"from":[6.0,9.7357235,12.172377],"to":[6.857143,12.592867,13.315234],"rotation":{"angle":-22.5,"axis":"x","origin":[8.571428,-6.8357058,7.0295196]},"faces":{"east":{"uv":[9.5,9.125,9.625,9.75],"rotation":0,"texture":"#0","tintindex":0},"south":{"uv":[9.625,9.125,9.75,9.75],"rotation":0,"texture":"#0","tintindex":0},"north":{"uv":[10.625,1.5,10.75,2.125],"rotation":0,"texture":"#0","tintindex":0},"west":{"uv":[9.75,9.125,9.875,9.75],"rotation":0,"texture":"#0","tintindex":0},"up":{"uv":[11.375,8.5,11.25,8.25],"rotation":0,"texture":"#0","tintindex":0},"down":{"uv":[8.8125,9.25,8.6875,9.5],"rotation":0,"texture":"#0","tintindex":0}}},{"from":[9.142858,9.7357235,12.172377],"to":[10.0,12.592867,13.315234],"rotation":{"angle":-22.5,"axis":"x","origin":[7.428571,-6.8357058,7.0295196]},"faces":{"east":{"uv":[9.875,9.125,9.75,9.75],"rotation":0,"texture":"#0","tintindex":0},"south":{"uv":[9.75,9.125,9.625,9.75],"rotation":0,"texture":"#0","tintindex":0},"north":{"uv":[10.75,1.5,10.625,2.125],"rotation":0,"texture":"#0","tintindex":0},"west":{"uv":[9.625,9.125,9.5,9.75],"rotation":0,"texture":"#0","tintindex":0},"up":{"uv":[11.25,8.5,11.375,8.25],"rotation":0,"texture":"#0","tintindex":0},"down":{"uv":[8.6875,9.25,8.8125,9.5],"rotation":0,"texture":"#0","tintindex":0}}},{"from":[7.428571,11.164294,4.7438054],"to":[8.571428,12.307152,7.0295196],"rotation":{"angle":0.0,"axis":"y","origin":[8.571428,-6.8357058,7.0295196]},"faces":{"east":{"uv":[10.9375,9.125,11.1875,9.375],"rotation":0,"texture":"#0","tintindex":0},"south":{"uv":[12.625,6.75,12.75,7.0],"rotation":0,"texture":"#0","tintindex":0},"north":{"uv":[12.625,6.5,12.75,6.75],"rotation":0,"texture":"#0","tintindex":0},"west":{"uv":[11.625,9.125,11.875,9.375],"rotation":0,"texture":"#0","tintindex":0},"up":{"uv":[11.375,5.75,11.25,5.25],"rotation":0,"texture":"#0","tintindex":0},"down":{"uv":[10.75,6.75,10.625,7.25],"rotation":0,"texture":"#0","tintindex":0}}},{"from":[6.857143,10.021438,4.458091],"to":[9.142858,11.7357235,6.1723766],"rotation":{"angle":0.0,"axis":"y","origin":[8.571428,-6.8357058,7.0295196]},"faces":{"east":{"uv":[12.0,5.75,12.1875,6.125],"rotation":0,"texture":"#0","tintindex":0},"south":{"uv":[10.6875,9.125,10.9375,9.375],"rotation":0,"texture":"#0","tintindex":0},"north":{"uv":[10.875,1.25,11.125,1.625],"rotation":0,"texture":"#0","tintindex":0},"west":{"uv":[12.625,0.75,12.8125,1.125],"rotation":0,"texture":"#0","tintindex":0},"up":{"uv":[12.6875,7.625,12.4375,7.25],"rotation":0,"texture":"#0","tintindex":0},"down":{"uv":[12.75,1.25,12.5,1.625],"rotation":0,"texture":"#0","tintindex":0}}},{"from":[7.0,9.164294,4.7438054],"to":[7.5714283,10.307152,5.315234],"rotation":{"angle":0.0,"axis":"y","origin":[8.0,-10.264278,7.0295196]},"faces":{"east":{"uv":[12.1875,9.375,12.25,9.625],"rotation":0,"texture":"#0","tintindex":0},"south":{"uv":[12.25,9.375,12.3125,9.625],"rotation":0,"texture":"#0","tintindex":0},"north":{"uv":[12.125,9.375,12.1875,9.625],"rotation":0,"texture":"#0","tintindex":0},"west":{"uv":[12.375,9.375,12.4375,9.625],"rotation":0,"texture":"#0","tintindex":0},"up":{"uv":[11.6875,7.875,11.625,7.75],"rotation":0,"texture":"#0","tintindex":0},"down":{"uv":[11.75,7.75,11.6875,7.875],"rotation":0,"texture":"#0","tintindex":0}}},{"from":[6.285714,9.7357235,5.315234],"to":[6.857143,10.87858,5.8866625],"rotation":{"angle":0.0,"axis":"y","origin":[8.0,-10.264278,7.0295196]},"faces":{"east":{"uv":[11.9375,9.375,12.0,9.625],"rotation":0,"texture":"#0","tintindex":0},"south":{"uv":[12.0,9.375,12.0625,9.625],"rotation":0,"texture":"#0","tintindex":0},"north":{"uv":[11.8125,9.375,11.875,9.625],"rotation":0,"texture":"#0","tintindex":0},"west":{"uv":[12.0625,9.375,12.125,9.625],"rotation":0,"texture":"#0","tintindex":0},"up":{"uv":[8.5,7.875,8.4375,7.75],"rotation":0,"texture":"#0","tintindex":0},"down":{"uv":[11.9375,6.625,11.875,6.75],"rotation":0,"texture":"#0","tintindex":0}}},{"from":[5.714286,6.87858,5.8866625],"to":[6.285714,12.021438,9.315234],"rotation":{"angle":0.0,"axis":"y","origin":[8.571428,-6.8357058,7.0295196]},