{"textures":{"0":"modelengine:entity/wasteland_shaman"},"elements":[{"from":[6.649165,6.6255755,7.714286],"to":[7.2205935,8.91129,8.285714],"rotation":{"angle":0.0,"axis":"y","origin":[7.2205935,2.625575,7.714286]},"faces":{"east":{"uv":[13.375,3.625,13.4375,4.125],"rotation":0,"texture":"#0","tintindex":0},"south":{"uv":[13.375,3.5,13.4375,4.0],"rotation":0,"texture":"#0","tintindex":0},"north":{"uv":[13.375,3.625,13.4375,4.125],"rotation":0,"texture":"#0","tintindex":0},"west":{"uv":[13.375,3.625,13.4375,4.125],"rotation":0,"texture":"#0","tintindex":0},"up":{"uv":[13.4375,3.625,13.5,3.75],"rotation":0,"texture":"#0","tintindex":0},"down":{"uv":[13.4375,3.625,13.5,3.75],"rotation":0,"texture":"#0","tintindex":0}}},{"from":[15.636549,11.213825,7.714286],"to":[16.207977,14.642397,8.285714],"rotation":{"angle":45.0,"axis":"z","origin":[14.493692,-0.7861748,7.714286]},"faces":{"east":{"uv":[13.375,3.625,13.4375,4.375],"rotation":0,"texture":"#0","tintindex":0},"south":{"uv":[13.375,3.5,13.4375,4.25],"rotation":0,"texture":"#0","tintindex":0},"north":{"uv":[13.375,3.625,13.4375,4.375],"rotation":0,"texture":"#0","tintindex":0},"west":{"uv":[13.375,3.625,13.4375,4.375],"rotation":0,"texture":"#0","tintindex":0},"up":{"uv":[13.4375,3.625,13.5,3.75],"rotation":0,"texture":"#0","tintindex":0},"down":{"uv":[13.4375,3.625,13.5,3.75],"rotation":0,"texture":"#0","tintindex":0}}},{"from":[-2.378829,14.446314,7.714286],"to":[-1.8074007,16.160599,8.285714],"rotation":{"angle":-45.0,"axis":"z","origin":[-4.093115,2.4463134,8.285714]},"faces":{"east":{"uv":[13.375,3.625,13.4375,4.0],"rotation":0,"texture":"#0","tintindex":0},"south":{"uv":[13.375,3.5,13.4375,3.875],"rotation":0,"texture":"#0","tintindex":0},"north":{"uv":[13.375,3.625,13.4375,4.0],"rotation":0,"texture":"#0","tintindex":0},"west":{"uv":[13.375,3.625,13.4375,4.0],"rotation":0,"texture":"#0","tintindex":0},"up":{"uv":[13.4375,3.625,13.5,3.75],"rotation":0,"texture":"#0","tintindex":0},"down":{"uv":[13.4375,3.625,13.5,3.75],"rotation":0,"texture":"#0","tintindex":0}}},{"from":[17.8074,14.446314,7.714286],"to":[18.37883,16.160599,8.285714],"rotation":{"angle":45.0,"axis":"z","origin":[20.093115,2.4463134,8.285714]},"faces":{"east":{"uv":[13.4375,3.625,13.375,4.0],"rotation":0,"texture":"#0","tintindex":0},"south":{"uv":[13.4375,3.5,13.375,3.875],"rotation":0,"texture":"#0","tintindex":0},"north":{"uv":[13.4375,3.625,13.375,4.0],"rotation":0,"texture":"#0","tintindex":0},"west":{"uv":[13.4375,3.625,13.375,4.0],"rotation":0,"texture":"#0","tintindex":0},"up":{"uv":[13.5,3.625,13.4375,3.75],"rotation":0,"texture":"#0","tintindex":0},"down":{"uv":[13.5,3.625,13.4375,3.75],"rotation":0,"texture":"#0","tintindex":0}}},{"from":[8.779407,6.6255755,7.714286],"to":[9.350835,8.91129,8.285714],"rotation":{"angle":0.0,"axis":"y","origin":[8.779407,2.625575,7.714286]},"faces":{"east":{"uv":[13.4375,3.625,13.375,4.125],"rotation":0,"texture":"#0","tintindex":0},"south":{"uv":[13.4375,3.5,13.375,4.0],"rotation":0,"texture":"#0","tintindex":0},"north":{"uv":[13.4375,3.625,13.375,4.125],"rotation":0,"texture":"#0","tintindex":0},"west":{"uv":[13.4375,3.625,13.375,4.125],"rotation":0,"texture":"#0","tintindex":0},"up":{"uv":[13.5,3.625,13.4375,3.75],"rotation":0,"texture":"#0","tintindex":0},"down":{"uv":[13.5,3.625,13.4375,3.75],"rotation":0,"texture":"#0","tintindex":0}}},{"from":[-0.20797825,11.213825,7.714286],"to":[0.36345053,14.642397,8.285714],"rotation":{"angle":-45.0,"axis":"z","origin":[1.5063076,-0.7861748,7.714286]},"faces":{"east":{"uv":[13.4375,3.625,13.375,4.375],"rotation":0,"texture":"#0","tintindex":0},"south":{"uv":[13.4375,3.5,13.375,4.25],"rotation":0,"texture":"#0","tintindex":0},"north":{"uv":[13.4375,3.625,13.375,4.375],"rotation":0,"texture":"#0","tintindex":0},"west":{"uv":[13.4375,3.625,13.375,4.375],"rotation":0,"texture":"#0","tintindex":0},"up":{"uv":[13.5,3.625,13.4375,3.75],"rotation":0,"texture":"#0","tintindex":0},"down":{"uv":[13.5,3.625,13.4375,3.75],"rotation":0,"texture":"#0","tintindex":0}}}],"display":{"head":{"translation":[0.0,-6.4,0.0],"scale":[4.0,4.0,4.0]}}}