{"textures":{"0":"modelengine:entity/wasteland_shaman"},"elements":[{"from":[5.8571424,6.6065006,6.1994963],"to":[8.142858,10.035072,9.628068],"rotation":{"angle":0.0,"axis":"y","origin":[8.714286,2.0350718,5.056639]},"faces":{"east":{"uv":[8.75,6.625,9.125,7.375],"rotation":0,"texture":"#0","tintindex":0},"south":{"uv":[10.0,7.875,10.25,8.625],"rotation":0,"texture":"#0","tintindex":0},"north":{"uv":[9.75,7.875,10.0,8.625],"rotation":0,"texture":"#0","tintindex":0},"west":{"uv":[9.125,6.75,9.5,7.5],"rotation":0,"texture":"#0","tintindex":0},"up":{"uv":[12.1875,7.375,11.9375,6.625],"rotation":0,"texture":"#0","tintindex":0},"down":{"uv":[11.875,7.875,11.625,8.625],"rotation":0,"texture":"#0","tintindex":0}}},{"from":[5.5714283,3.1779294,1.0566387],"to":[7.857143,7.749358,3.3423529],"rotation":{"angle":45.0,"axis":"x","origin":[8.714286,2.0350718,5.056639]},"faces":{"east":{"uv":[10.875,7.25,11.125,8.25],"rotation":0,"texture":"#0","tintindex":0},"south":{"uv":[11.125,7.25,11.375,8.25],"rotation":0,"texture":"#0","tintindex":0},"north":{"uv":[10.625,7.25,10.875,8.25],"rotation":0,"texture":"#0","tintindex":0},"west":{"uv":[11.6875,0.0,11.9375,1.0],"rotation":0,"texture":"#0","tintindex":0},"up":{"uv":[9.75,9.125,9.5,8.625],"rotation":0,"texture":"#0","tintindex":0},"down":{"uv":[10.0,8.625,9.75,9.125],"rotation":0,"texture":"#0","tintindex":0}}}],"display":{"head":{"translation":[0.0,-6.4,0.0],"scale":[4.0,4.0,4.0]}}}