{"textures":{"0":"modelengine:entity/wasteland_shaman"},"elements":[{"from":[8.142858,3.1779294,1.0566387],"to":[10.428572,7.749358,3.3423529],"rotation":{"angle":45.0,"axis":"x","origin":[7.285714,2.0350718,5.056639]},"faces":{"east":{"uv":[11.5,6.75,11.75,7.75],"rotation":0,"texture":"#0","tintindex":0},"south":{"uv":[11.625,3.0,11.875,4.0],"rotation":0,"texture":"#0","tintindex":0},"north":{"uv":[8.1875,7.0,8.4375,8.0],"rotation":0,"texture":"#0","tintindex":0},"west":{"uv":[11.625,4.0,11.875,5.0],"rotation":0,"texture":"#0","tintindex":0},"up":{"uv":[10.5,4.25,10.25,3.75],"rotation":0,"texture":"#0","tintindex":0},"down":{"uv":[11.0,3.25,10.75,3.75],"rotation":0,"texture":"#0","tintindex":0}}},{"from":[7.857143,6.6065006,6.1994963],"to":[10.142858,10.035072,9.628068],"rotation":{"angle":0.0,"axis":"y","origin":[7.285714,2.0350718,5.056639]},"faces":{"east":{"uv":[10.75,6.5,11.125,7.25],"rotation":0,"texture":"#0","tintindex":0},"south":{"uv":[11.9375,0.0,12.1875,0.75],"rotation":0,"texture":"#0","tintindex":0},"north":{"uv":[11.375,7.75,11.625,8.5],"rotation":0,"texture":"#0","tintindex":0},"west":{"uv":[11.125,6.5,11.5,7.25],"rotation":0,"texture":"#0","tintindex":0},"up":{"uv":[8.6875,8.625,8.4375,7.875],"rotation":0,"texture":"#0","tintindex":0},"down":{"uv":[9.75,7.875,9.5,8.625],"rotation":0,"texture":"#0","tintindex":0}}}],"display":{"head":{"translation":[0.0,-6.4,0.0],"scale":[4.0,4.0,4.0]}}}