{"textures":{"0":"modelengine:entity/wasteland_shaman"},"elements":[{"from":[7.952381,7.808292,4.654722],"to":[8.523809,8.379721,20.654722],"rotation":{"angle":0.0,"axis":"y","origin":[7.952381,12.951149,13.226151]},"faces":{"east":{"uv":[13.375,0.0,15.125,0.125],"rotation":0,"texture":"#0","tintindex":0},"south":{"uv":[15.9375,0.0,16.0,0.125],"rotation":0,"texture":"#0","tintindex":0},"north":{"uv":[15.9375,0.0,16.0,0.125],"rotation":0,"texture":"#0","tintindex":0},"west":{"uv":[15.125,0.0,13.375,0.125],"rotation":0,"texture":"#0","tintindex":0},"up":{"uv":[15.3125,3.5,15.25,0.0],"rotation":0,"texture":"#0","tintindex":0},"down":{"uv":[15.25,0.0,15.3125,3.5],"rotation":0,"texture":"#0","tintindex":0}}},{"from":[7.952381,-6.6279697,0.07836676],"to":[8.523809,-6.0565414,2.9355097],"rotation":{"angle":45.0,"axis":"x","origin":[7.952381,-1.4851122,21.221226]},"faces":{"east":{"uv":[15.6875,0.0,16.0,0.125],"rotation":0,"texture":"#0","tintindex":0},"south":{"uv":[8.0,0.0,8.0625,0.125],"rotation":0,"texture":"#0","tintindex":0},"north":{"uv":[8.0,0.0,8.0625,0.125],"rotation":0,"texture":"#0","tintindex":0},"west":{"uv":[16.0,0.0,15.6875,0.125],"rotation":0,"texture":"#0","tintindex":0},"up":{"uv":[15.9375,0.0,16.0,0.625],"rotation":0,"texture":"#0","tintindex":0},"down":{"uv":[15.9375,0.625,16.0,0.0],"rotation":0,"texture":"#0","tintindex":0}}},{"from":[7.952381,25.292852,-12.937735],"to":[8.523809,25.86428,-7.223448],"rotation":{"angle":-45.0,"axis":"x","origin":[7.952381,30.435709,16.776554]},"faces":{"east":{"uv":[15.375,0.0,16.0,0.125],"rotation":0,"texture":"#0","tintindex":0},"south":{"uv":[15.9375,0.0,16.0,0.125],"rotation":0,"texture":"#0","tintindex":0},"north":{"uv":[15.9375,0.0,16.0,0.125],"rotation":0,"texture":"#0","tintindex":0},"west":{"uv":[15.375,0.0,16.0,0.125],"rotation":0,"texture":"#0","tintindex":0},"up":{"uv":[15.9375,0.0,16.0,1.25],"rotation":0,"texture":"#0","tintindex":0},"down":{"uv":[15.9375,0.0,16.0,1.25],"rotation":0,"texture":"#0","tintindex":0}}},{"from":[7.952381,-15.4648075,-1.8607178],"to":[8.523809,-14.893379,3.8535676],"rotation":{"angle":45.0,"axis":"x","origin":[7.952381,0.53519344,27.28214]},"faces":{"east":{"uv":[15.375,0.0,16.0,0.125],"rotation":0,"texture":"#0","tintindex":0},"south":{"uv":[8.0,0.0,8.0625,0.125],"rotation":0,"texture":"#0","tintindex":0},"north":{"uv":[8.0,0.0,8.0625,0.125],"rotation":0,"texture":"#0","tintindex":0},"west":{"uv":[16.0,0.0,15.375,0.125],"rotation":0,"texture":"#0","tintindex":0},"up":{"uv":[15.9375,0.0,16.0,1.25],"rotation":0,"texture":"#0","tintindex":0},"down":{"uv":[15.9375,1.25,16.0,0.0],"rotation":0,"texture":"#0","tintindex":0}}},{"from":[7.952381,-14.056541,-10.778776],"to":[8.523809,-8.913685,-5.6359196],"rotation":{"angle":45.0,"axis":"x","origin":[7.952381,-1.4851122,21.221226]},"faces":{"east":{"uv":[13.3125,1.375,13.875,2.5],"rotation":0,"texture":"#0","tintindex":0},"south":{"uv":[13.3125,1.375,13.375,2.5],"rotation":0,"texture":"#0","tintindex":0},"north":{"uv":[13.3125,1.375,13.375,2.5],"rotation":0,"texture":"#0","tintindex":0},"west":{"uv":[13.3125,1.375,13.875,2.5],"rotation":0,"texture":"#0","tintindex":0},"up":{"uv":[13.3125,1.375,13.375,2.5],"rotation":0,"texture":"#0","tintindex":0},"down":{"uv":[13.3125,1.375,13.375,2.5],"rotation":0,"texture":"#0","tintindex":0}}},{"from":[7.952381,-13.485113,-5.6359196],"to":[8.523809,-9.485113,-5.0644903],"rotation":{"angle":45.0,"axis":"x","origin":[7.952381,-1.4851122,21.221226]},"faces":{"east":{"uv":[13.875,1.5,13.9375,2.375],"rotation":0,"texture":"#0","tintindex":0},"south":{"uv":[13.875,1.5,13.9375,2.375],"rotation":0,"texture":"#0","tintindex":0},"north":{"uv":[8.0,0.0,8.0625,0.875],"rotation":0,"texture":"#0","tintindex":0},"west":{"uv":[13.875,1.5,13.9375,2.375],"rotation":0,"texture":"#0","tintindex":0},"up":{"uv":[13.25,2.0,13.3125,2.125],"rotation":0,"texture":"#0","tintindex":0},"down":{"uv":[13.75,1.375,13.8125,1.5],"rotation":0,"texture":"#0","tintindex":0}}},{"from":[7.952381,-13.485113,-11.350204],"to":[8.523809,-9.485113,-10.778776],"rotation":{"angle":45.0,"axis":"x","origin":[7.952381,-1.4851122,21.221226]},"faces":{"east":{"uv":[13.25,1.5,13.3125,2.375],"rotation":0,"texture":"#0","tintindex":0},"south":{"uv":[8.0,0.0,8.0625,0.875],"rotation":0,"texture":"#0","tintindex":0},"north":{"uv":[13.25,1.5,13.3125,2.375],"rotation":0,"texture":"#0","tintindex":0},"west":{"uv":[13.25,1.5,13.3125,2.375],"rotation":0,"texture":"#0","tintindex":0},"up":{"uv":[13.875,2.125,13.9375,2.25],"rotation":0,"texture":"#0","tintindex":0},"down":{"uv":[13.25,1.5,13.3125,1.625],"rotation":0,"texture":"#0","tintindex":0}}},{"from":[7.952381,-14.62797,-10.207348],"to":[8.523809,-14.056541,-6.207348],"rotation":{"angle":45.0,"axis":"x","origin":[7.952381,-1.4851122,21.221226]},"faces":{"east":{"uv":[13.375,1.25,13.8125,1.375],"rotation":0,"texture":"#0","tintindex":0},"south":{"uv":[13.75,1.375,13.8125,1.5],"rotation":0,"texture":"#0","tintindex":0},"north":{"uv":[13.3125,1.375,13.375,1.5],"rotation":0,"texture":"#0","tintindex":0},"west":{"uv":[13.375,1.25,13.8125,1.375],"rotation":0,"texture":"#0","tintindex":0},"up":{"uv":[8.0,0.0,8.0625,0.875],"rotation":0,"texture":"#0","tintindex":0},"down":{"uv":[13.25,1.5,13.3125,2.375],"rotation":0,"texture":"#0","tintindex":0}}},{"from":[7.952381,-8.913685,-10.207348],"to":[8.523809,-8.342255,-6.207348],"rotation":{"angle":45.0,"axis":"x","origin":[7.952381,-1.4851122,21.221226]},"faces":{"east":{"uv":[13.375,2.5,13.8125,2.625],"rotation":0,"texture":"#0","tintindex":0},"south":{"uv":[13.25,1.875,13.3125,2.0],"rotation":0,"texture":"#0","tintindex":0},"north":{"uv":[13.25,1.75,13.3125,1.875],"rotation":0,"texture":"#0","tintindex":0},"west":{"uv":[13.375,2.5,13.8125,2.625],"rotation":0,"texture":"#0","tintindex":0},"up":{"uv":[13.25,1.5,13.3125,2.375],"rotation":0,"texture":"#0","tintindex":0},"down":{"uv":[8.0,0.0,8.0625,0.875],"rotation":0,"texture":"#0","tintindex":0}}},{"from":[7.3809524,-12.342255,-4.493062],"to":[9.095238,-10.62797,-3.9216337],"rotation":{"angle":45.0,"axis":"x","origin":[7.952381,-1.4851122,21.221226]},"faces":{"east":{"uv":[14.4375,0.5,14.5,0.875],"rotation":0,"texture":"#0","tintindex":0},"south":{"uv":[14.4375,0.875,14.625,1.25],"rotation":0,"texture":"#0","tintindex":0},"north":{"uv":[14.4375,0.875,14.625,1.25],"rotation":0,"texture":"#0","tintindex":0},"west":{"uv":[14.4375,0.5,14.5,0.875],"rotation":0,"texture":"#0","tintindex":0},"up":{"uv":[14.4375,0.75,14.625,0.875],"rotation":0,"texture":"#0","tintindex":0},"down":{"uv":[14.5,0.75,14.6875,0.875],"rotation":0,"texture":"#0","tintindex":0}}}],"display":{"head":{"translation":[0.0,-6.4,0.0],"scale":[4.0,4.0,4.0]}}}