{"textures":{"0":"modelengine:entity/wasteland_shaman"},"elements":[{"from":[7.285714,-3.7142859,8.0],"to":[10.142858,-0.8571434,10.857143],"rotation":{"angle":22.5,"axis":"x","origin":[6.5714283,-2.0,33.14286]},"faces":{"east":{"uv":[13.6875,2.875,14.0,3.5],"rotation":0,"texture":"#0","tintindex":0},"south":{"uv":[13.375,2.875,13.6875,3.5],"rotation":0,"texture":"#0","tintindex":0},"north":{"uv":[13.375,4.125,13.6875,4.75],"rotation":0,"texture":"#0","tintindex":0},"west":{"uv":[13.6875,3.5,14.0,4.125],"rotation":0,"texture":"#0","tintindex":0},"up":{"uv":[13.375,3.5,13.6875,4.125],"rotation":0,"texture":"#0","tintindex":0},"down":{"uv":[13.6875,4.125,14.0,4.75],"rotation":0,"texture":"#0","tintindex":0}}},{"from":[7.0,8.285714,8.571428],"to":[7.5714283,8.857143,14.857143],"rotation":{"angle":0.0,"axis":"y","origin":[6.5714283,-2.5714293,33.14286]},"faces":{"east":{"uv":[14.25,1.75,14.9375,1.875],"rotation":0,"texture":"#0","tintindex":0},"south":{"uv":[8.0,0.0,8.0625,0.125],"rotation":0,"texture":"#0","tintindex":0},"north":{"uv":[8.0,0.0,8.0625,0.125],"rotation":0,"texture":"#0","tintindex":0},"west":{"uv":[14.25,1.75,14.9375,1.875],"rotation":0,"texture":"#0","tintindex":0},"up":{"uv":[15.0,1.25,15.0625,2.625],"rotation":0,"texture":"#0","tintindex":0},"down":{"uv":[15.0,1.25,15.0625,2.625],"rotation":0,"texture":"#0","tintindex":0}}},{"from":[7.142857,7.428571,12.571428],"to":[10.0,10.285714,15.428572],"rotation":{"angle":0.0,"axis":"y","origin":[6.5714283,-2.0,33.14286]},"faces":{"east":{"uv":[13.6875,2.875,14.0,3.5],"rotation":0,"texture":"#0","tintindex":0},"south":{"uv":[13.375,2.875,13.6875,3.5],"rotation":0,"texture":"#0","tintindex":0},"north":{"uv":[13.375,4.125,13.6875,4.75],"rotation":0,"texture":"#0","tintindex":0},"west":{"uv":[13.6875,3.5,14.0,4.125],"rotation":0,"texture":"#0","tintindex":0},"up":{"uv":[13.375,3.5,13.6875,4.125],"rotation":0,"texture":"#0","tintindex":0},"down":{"uv":[13.6875,4.125,14.0,4.75],"rotation":0,"texture":"#0","tintindex":0}}},{"from":[7.0,-2.5714293,5.714286],"to":[7.5714283,-2.0,9.714286],"rotation":{"angle":22.5,"axis":"x","origin":[6.5714283,-2.5714293,33.14286]},"faces":{"east":{"uv":[14.25,1.75,14.6875,1.875],"rotation":0,"texture":"#0","tintindex":0},"south":{"uv":[8.0,0.0,8.0625,0.125],"rotation":0,"texture":"#0","tintindex":0},"north":{"uv":[8.0,0.0,8.0625,0.125],"rotation":0,"texture":"#0","tintindex":0},"west":{"uv":[14.25,1.75,14.6875,1.875],"rotation":0,"texture":"#0","tintindex":0},"up":{"uv":[15.0,1.25,15.0625,2.125],"rotation":0,"texture":"#0","tintindex":0},"down":{"uv":[15.0,1.25,15.0625,2.125],"rotation":0,"texture":"#0","tintindex":0}}}],"display":{"head":{"translation":[0.0,-6.4,0.0],"scale":[4.0,4.0,4.0]}}}