{"textures":{"0":"modelengine:entity/wasteland_shaman"},"elements":[{"from":[5.142857,6.857143,9.142858],"to":[6.285714,13.714286,10.857143],"rotation":{"angle":-22.5,"axis":"x","origin":[8.0,1.1428566,5.714286]},"faces":{"east":{"uv":[10.25,6.75,10.4375,8.25],"rotation":0,"texture":"#0","tintindex":0},"south":{"uv":[8.3125,8.0,8.4375,9.5],"rotation":0,"texture":"#0","tintindex":0},"north":{"uv":[8.1875,8.0,8.3125,9.5],"rotation":0,"texture":"#0","tintindex":0},"west":{"uv":[10.4375,6.75,10.625,8.25],"rotation":0,"texture":"#0","tintindex":0},"up":{"uv":[11.5,6.375,11.375,6.0],"rotation":0,"texture":"#0","tintindex":0},"down":{"uv":[11.5,7.25,11.375,7.625],"rotation":0,"texture":"#0","tintindex":0}}},{"from":[5.714286,7.428571,7.428571],"to":[10.285714,10.857143,10.857143],"rotation":{"angle":0.0,"axis":"y","origin":[8.0,1.1428566,5.714286]},"faces":{"east":{"uv":[11.25,3.75,11.625,4.5],"rotation":0,"texture":"#0","tintindex":0},"south":{"uv":[10.25,3.0,10.75,3.75],"rotation":0,"texture":"#0","tintindex":0},"north":{"uv":[10.25,2.25,10.75,3.0],"rotation":0,"texture":"#0","tintindex":0},"west":{"uv":[11.25,4.5,11.625,5.25],"rotation":0,"texture":"#0","tintindex":0},"up":{"uv":[11.0,4.5,10.5,3.75],"rotation":0,"texture":"#0","tintindex":0},"down":{"uv":[11.0,4.5,10.5,5.25],"rotation":0,"texture":"#0","tintindex":0}}},{"from":[9.714286,6.857143,9.142858],"to":[10.857143,13.714286,10.857143],"rotation":{"angle":-22.5,"axis":"x","origin":[8.0,1.1428566,5.714286]},"faces":{"east":{"uv":[8.0,7.0,8.1875,8.5],"rotation":0,"texture":"#0","tintindex":0},"south":{"uv":[12.0625,2.25,12.1875,3.75],"rotation":0,"texture":"#0","tintindex":0},"north":{"uv":[12.0625,0.75,12.1875,2.25],"rotation":0,"texture":"#0","tintindex":0},"west":{"uv":[11.5,0.0,11.6875,1.5],"rotation":0,"texture":"#0","tintindex":0},"up":{"uv":[12.75,0.375,12.625,0.0],"rotation":0,"texture":"#0","tintindex":0},"down":{"uv":[12.75,0.375,12.625,0.75],"rotation":0,"texture":"#0","tintindex":0}}},{"from":[4.5714283,8.0,10.857143],"to":[11.428572,13.714286,14.285715],"rotation":{"angle":-22.5,"axis":"x","origin":[8.0,1.1428566,5.714286]},"faces":{"east":{"uv":[9.75,4.25,10.125,5.5],"rotation":0,"texture":"#0","tintindex":0},"south":{"uv":[8.75,2.125,9.5,3.375],"rotation":0,"texture":"#0","tintindex":0},"north":{"uv":[8.0,2.125,8.75,3.375],"rotation":0,"texture":"#0","tintindex":0},"west":{"uv":[10.125,4.25,10.5,5.5],"rotation":0,"texture":"#0","tintindex":0},"up":{"uv":[9.5,4.125,8.75,3.375],"rotation":0,"texture":"#0","tintindex":0},"down":{"uv":[10.25,3.5,9.5,4.25],"rotation":0,"texture":"#0","tintindex":0}}},{"from":[5.714286,10.857143,10.285714],"to":[7.428571,11.428572,10.857143],"rotation":{"angle":-22.5,"axis":"x","origin":[8.0,1.1428566,5.714286]},"faces":{"east":{"uv":[12.75,6.125,12.8125,6.25],"rotation":0,"texture":"#0","tintindex":0},"south":{"uv":[12.6875,5.5,12.875,5.625],"rotation":0,"texture":"#0","tintindex":0},"north":{"uv":[12.6875,5.375,12.875,5.5],"rotation":0,"texture":"#0","tintindex":0},"west":{"uv":[11.25,9.5,11.3125,9.625],"rotation":0,"texture":"#0","tintindex":0},"up":{"uv":[12.875,5.75,12.6875,5.625],"rotation":0,"texture":"#0","tintindex":0},"down":{"uv":[11.0625,9.375,10.875,9.5],"rotation":0,"texture":"#0","tintindex":0}}},{"from":[7.142857,10.285714,10.285714],"to":[8.857143,10.857143,10.857143],"rotation":{"angle":-22.5,"axis":"x","origin":[8.0,1.1428566,5.714286]},"faces":{"east":{"uv":[11.0,9.5,11.0625,9.625],"rotation":0,"texture":"#0","tintindex":0},"south":{"uv":[8.875,9.375,9.0625,9.5],"rotation":0,"texture":"#0","tintindex":0},"north":{"uv":[8.0,9.375,8.1875,9.5],"rotation":0,"texture":"#0","tintindex":0},"west":{"uv":[12.75,6.0,12.8125,6.125],"rotation":0,"texture":"#0","tintindex":0},"up":{"uv":[9.25,9.5,9.0625,9.375],"rotation":0,"texture":"#0","tintindex":0},"down":{"uv":[10.875,9.375,10.6875,9.5],"rotation":0,"texture":"#0","tintindex":0}}},{"from":[8.571428,10.857143,10.285714],"to":[10.285714,11.428572,10.857143],"rotation":{"angle":-22.5,"axis":"x","origin":[8.0,1.1428566,5.714286]},"faces":{"east":{"uv":[12.75,6.5,12.8125,6.625],"rotation":0,"texture":"#0","tintindex":0},"south":{"uv":[11.5625,9.375,11.75,9.5],"rotation":0,"texture":"#0","tintindex":0},"north":{"uv":[11.25,9.375,11.4375,9.5],"rotation":0,"texture":"#0","tintindex":0},"west":{"uv":[11.3125,9.5,11.375,9.625],"rotation":0,"texture":"#0","tintindex":0},"up":{"uv":[12.875,7.375,12.6875,7.25],"rotation":0,"texture":"#0","tintindex":0},"down":{"uv":[12.875,7.375,12.6875,7.5],"rotation":0,"texture":"#0","tintindex":0}}},{"from":[8.571428,12.571428,10.285714],"to":[10.285714,13.142858,10.857143],"rotation":{"angle":-22.5,"axis":"x","origin":[8.0,1.1428566,5.714286]},"faces":{"east":{"uv":[10.875,9.5,10.9375,9.625],"rotation":0,"texture":"#0","tintindex":0},"south":{"uv":[12.625,9.0,12.8125,9.125],"rotation":0,"texture":"#0","tintindex":0},"north":{"uv":[12.625,8.875,12.8125,9.0],"rotation":0,"texture":"#0","tintindex":0},"west":{"uv":[10.9375,9.5,11.0,9.625],"rotation":0,"texture":"#0","tintindex":0},"up":{"uv":[12.8125,9.25,12.625,9.125],"rotation":0,"texture":"#0","tintindex":0},"down":{"uv":[12.8125,9.25,12.625,9.375],"rotation":0,"texture":"#0","tintindex":0}}},{"from":[7.142857,12.0,10.285714],"to":[8.857143,12.571428,10.857143],"rotation":{"angle":-22.5,"axis":"x","origin":[8.0,1.1428566,5.714286]},"faces":{"east":{"uv":[12.75,4.0,12.8125,4.125],"rotation":0,"texture":"#0","tintindex":0},"south":{"uv":[12.125,9.25,12.3125,9.375],"rotation":0,"texture":"#0","tintindex":0},"north":{"uv":[12.625,8.125,12.8125,8.25],"rotation":0,"texture":"#0","tintindex":0},"west":{"uv":[10.6875,9.5,10.75,9.625],"rotation":0,"texture":"#0","tintindex":0},"up":{"uv":[12.8125,8.375,12.625,8.25],"rotation":0,"texture":"#0","tintindex":0},"down":{"uv":[12.8125,8.375,12.625,8.5],"rotation":0,"texture":"#0","tintindex":0}}},{"from":[5.714286,12.571428,10.285714],"to":[7.428571,13.142858,10.857143],"rotation":{"angle":-22.5,"axis":"x","origin":[8.0,1.1428566,5.714286]},"faces":{"east":{"uv":[10.75,9.5,10.8125,9.625],"rotation":0,"texture":"#0","tintindex":0},"south":{"uv":[12.625,8.625,12.8125,8.75],"rotation":0,"texture":"#0","tintindex":0},"north":{"uv":[12.625,8.5,12.8125,8.625],"rotation":0,"texture":"#0","tintindex":0},"west":{"uv":[10.8125,9.5,10.875,9.625],"rotation":0,"texture":"#0","tintindex":0},"up":{"uv":[12.5625,9.375,12.375,9.25],"rotation":0,"texture":"#0","tintindex":0},"down":{"uv":[12.8125,8.75,12.625,8.875],"rotation":0,"texture":"#0","tintindex":0}}},{"from":[5.428571,13.714286,9.714286],"to":[6.5714283,14.857143,13.714286],"rotation":{"angle":-22.5,"axis":"x","origin":[8.0,1.1428566,5.714286]},"faces":{"east":{"uv":[12.1875,3.5,12.625,3.75],"rotation":0,"texture":"#0","tintindex":0},"south":{"uv":[11.625,5.0,11.75,5.25],"rotation":0,"texture":"#0","tintindex":0},"north":{"uv":[11.125,3.0,11.25,3.25],"rotation":0,"texture":"#0","tintindex":0},"west":{"uv":[12.8125,2.125,12.375,2.375],"rotation":0,"texture":"#0","tintindex":0},"up":{"uv":[8.625,9.5,8.5,8.625],"rotation":0,"texture":"#0","tintindex":0},"down":{"uv":[12.5,1.25,12.375,2.125],"rotation":0,"texture":"#0","tintindex":0}}},{"from":[9.428572,13.714286,9.714286],"to":[10.571428,14.857143,13.714286],"rotation":{"angle":-22.5,"axis":"x","origin":[8.0,1.1428566,5.714286]},"faces":{"east":{"uv":[12.375,2.125,12.8125,2.375],"rotation":0,"texture":"#0","tintindex":0},"south":{"uv":[12.0625,4.125,12.1875,4.375],"rotation":0,"texture":"#0","tintindex":0},"north":{"uv":[11.9375,0.75,12.0625,1.0],"rotation":0,"texture":"#0","tintindex":0},"west":{"uv":[12.375,2.375,12.8125,2.625],"rotation":0,"texture":"#0","tintindex":0},"up":{"uv":[12.5,3.5,12.375,2.625],"rotation":0,"texture":"#0","tintindex":0},"down":{"uv":[12.5,4.125,12.375,5.0],"rotation":0,"texture":"#0","tintindex":0}}}],"display":{"head":{"translation":[0.0,-6.4,0.0],"scale":[4.0,4.0,4.0]}}}