{"textures":{"6":"modelengine:entity/mega_warden_damage"},"elements":[{"from":[4.5961666,-5.1428576,1.823029],"to":[10.881881,8.0,9.2516],"rotation":{"angle":0.0,"axis":"y","origin":[5.167595,6.857143,4.108743]},"faces":{"east":{"uv":[0.002,3.127,0.8105,4.5605],"rotation":0,"texture":"#6","tintindex":0},"south":{"uv":[3.9395,3.502,4.623,4.9355],"rotation":0,"texture":"#6","tintindex":0},"north":{"uv":[3.252,3.502,3.9355,4.9355],"rotation":0,"texture":"#6","tintindex":0},"west":{"uv":[0.8145,3.127,1.623,4.5605],"rotation":0,"texture":"#6","tintindex":0},"up":{"uv":[6.9355,0.8105,6.252,0.002],"rotation":0,"texture":"#6","tintindex":0},"down":{"uv":[0.6855,6.4395,0.002,7.248],"rotation":0,"texture":"#6","tintindex":0}}},{"from":[5.142857,-5.1428576,9.142858],"to":[5.142857,8.0,12.0],"rotation":{"angle":22.5,"axis":"y","origin":[5.142857,1.4285712,10.571428]},"faces":{"east":{"uv":[0.6895,6.6895,0.998,8.123],"rotation":0,"texture":"#6","tintindex":0},"south":{"uv":[0.002,0.002,0.002,1.4355],"rotation":0,"texture":"#6","tintindex":0},"north":{"uv":[0.002,0.002,0.002,1.4355],"rotation":0,"texture":"#6","tintindex":0},"west":{"uv":[0.998,6.6895,0.6895,8.123],"rotation":0,"texture":"#6","tintindex":0},"up":{"uv":[0.002,0.3105,0.002,0.002],"rotation":0,"texture":"#6","tintindex":0},"down":{"uv":[0.002,0.002,0.002,0.3105],"rotation":0,"texture":"#6","tintindex":0}}}],"display":{"head":{"translation":[0.0,-6.4,0.0],"scale":[4.0,4.0,4.0]}}}