{"textures":{"6":"modelengine:entity/mega_warden_damage"},"elements":[{"from":[5.1181192,-5.1428576,1.823029],"to":[11.403833,8.0,9.2516],"rotation":{"angle":0.0,"axis":"y","origin":[10.832405,6.857143,4.108743]},"faces":{"east":{"uv":[1.623,3.127,0.8145,4.5605],"rotation":0,"texture":"#6","tintindex":0},"south":{"uv":[4.623,3.502,3.9395,4.9355],"rotation":0,"texture":"#6","tintindex":0},"north":{"uv":[3.9355,3.502,3.252,4.9355],"rotation":0,"texture":"#6","tintindex":0},"west":{"uv":[0.8105,3.127,0.002,4.5605],"rotation":0,"texture":"#6","tintindex":0},"up":{"uv":[6.252,0.8105,6.9355,0.002],"rotation":0,"texture":"#6","tintindex":0},"down":{"uv":[0.002,6.4395,0.6855,7.248],"rotation":0,"texture":"#6","tintindex":0}}},{"from":[10.857143,-5.1428576,9.142858],"to":[10.857143,8.0,12.0],"rotation":{"angle":-22.5,"axis":"y","origin":[10.857143,1.4285712,10.571428]},"faces":{"east":{"uv":[0.6895,6.6895,0.998,8.123],"rotation":0,"texture":"#6","tintindex":0},"south":{"uv":[0.002,0.002,0.002,1.4355],"rotation":0,"texture":"#6","tintindex":0},"north":{"uv":[0.002,0.002,0.002,1.4355],"rotation":0,"texture":"#6","tintindex":0},"west":{"uv":[0.998,6.6895,0.6895,8.123],"rotation":0,"texture":"#6","tintindex":0},"up":{"uv":[0.002,0.3105,0.002,0.002],"rotation":0,"texture":"#6","tintindex":0},"down":{"uv":[0.002,0.002,0.002,0.3105],"rotation":0,"texture":"#6","tintindex":0}}}],"display":{"head":{"translation":[0.0,-6.4,0.0],"scale":[4.0,4.0,4.0]}}}