{"textures":{"6":"modelengine:entity/mega_warden_damage"},"elements":[{"from":[8.0,-0.44391823,4.3631387],"to":[13.714286,10.413225,10.648853],"rotation":{"angle":0.0,"axis":"y","origin":[13.142858,9.270369,6.648853]},"faces":{"east":{"uv":[5.3105,4.627,4.627,5.8105],"rotation":0,"texture":"#6","tintindex":0},"south":{"uv":[5.623,1.0645,5.002,2.248],"rotation":0,"texture":"#6","tintindex":0},"north":{"uv":[4.3105,4.9395,3.6895,6.123],"rotation":0,"texture":"#6","tintindex":0},"west":{"uv":[1.5605,4.5645,0.877,5.748],"rotation":0,"texture":"#6","tintindex":0},"up":{"uv":[3.5645,7.5605,4.1855,6.877],"rotation":0,"texture":"#6","tintindex":0},"down":{"uv":[6.877,5.1895,7.498,5.873],"rotation":0,"texture":"#6","tintindex":0}}},{"from":[15.24502,0.9658861,4.3631387],"to":[15.24502,8.965886,10.648853],"rotation":{"angle":-22.5,"axis":"z","origin":[15.24502,4.965886,7.5059958]},"faces":{"east":{"uv":[6.8105,1.0645,6.127,1.9355],"rotation":0,"texture":"#6","tintindex":0},"south":{"uv":[0.002,0.002,0.002,0.873],"rotation":0,"texture":"#6","tintindex":0},"north":{"uv":[0.002,0.002,0.002,0.873],"rotation":0,"texture":"#6","tintindex":0},"west":{"uv":[6.127,1.0645,6.8105,1.9355],"rotation":0,"texture":"#6","tintindex":0},"up":{"uv":[0.002,0.6855,0.002,0.002],"rotation":0,"texture":"#6","tintindex":0},"down":{"uv":[0.002,0.002,0.002,0.6855],"rotation":0,"texture":"#6","tintindex":0}}},{"from":[8.0,-0.8571434,12.726278],"to":[13.714286,4.8571424,12.726278],"rotation":{"angle":22.5,"axis":"x","origin":[10.857143,4.5714283,12.726278]},"faces":{"east":{"uv":[0.002,0.002,0.002,0.623],"rotation":0,"texture":"#6","tintindex":0},"south":{"uv":[6.8145,1.3145,7.4355,1.9355],"rotation":0,"texture":"#6","tintindex":0},"north":{"uv":[7.4355,1.3145,6.8145,1.9355],"rotation":0,"texture":"#6","tintindex":0},"west":{"uv":[0.002,0.002,0.002,0.623],"rotation":0,"texture":"#6","tintindex":0},"up":{"uv":[0.002,0.002,0.623,0.002],"rotation":0,"texture":"#6","tintindex":0},"down":{"uv":[0.002,0.002,0.623,0.002],"rotation":0,"texture":"#6","tintindex":0}}},{"from":[8.0,1.9999995,2.2857141],"to":[13.714286,7.714286,2.2857141],"rotation":{"angle":-22.5,"axis":"x","origin":[10.857143,7.428571,2.2857141]},"faces":{"east":{"uv":[0.002,0.002,0.002,0.623],"rotation":0,"texture":"#6","tintindex":0},"south":{"uv":[7.748,2.6895,7.127,3.3105],"rotation":0,"texture":"#6","tintindex":0},"north":{"uv":[7.127,2.6895,7.748,3.3105],"rotation":0,"texture":"#6","tintindex":0},"west":{"uv":[0.002,0.002,0.002,0.623],"rotation":0,"texture":"#6","tintindex":0},"up":{"uv":[0.002,0.002,0.623,0.002],"rotation":0,"texture":"#6","tintindex":0},"down":{"uv":[0.002,0.002,0.623,0.002],"rotation":0,"texture":"#6","tintindex":0}}}],"display":{"head":{"translation":[0.0,-6.4,0.0],"scale":[4.0,4.0,4.0]}}}