{"textures":{"6":"modelengine:entity/mega_warden_damage"},"elements":[{"from":[6.091776,-0.57142925,5.0093837],"to":[12.377491,9.142858,11.866527],"rotation":{"angle":0.0,"axis":"y","origin":[11.234633,8.0,9.009384]},"faces":{"east":{"uv":[2.3105,4.8145,1.5645,5.873],"rotation":0,"texture":"#6","tintindex":0},"south":{"uv":[6.248,0.002,5.5645,1.0605],"rotation":0,"texture":"#6","tintindex":0},"north":{"uv":[5.998,4.627,5.3145,5.6855],"rotation":0,"texture":"#6","tintindex":0},"west":{"uv":[5.5605,0.002,4.8145,1.0605],"rotation":0,"texture":"#6","tintindex":0},"up":{"uv":[4.3145,7.3105,4.998,6.5645],"rotation":0,"texture":"#6","tintindex":0},"down":{"uv":[6.627,1.9395,7.3105,2.6855],"rotation":0,"texture":"#6","tintindex":0}}}],"display":{"head":{"translation":[0.0,-6.4,0.0],"scale":[4.0,4.0,4.0]}}}