{"textures":{"0":"modelengine:entity/rider"},"elements":[{"from":[4.377143,2.822857,6.857143],"to":[7.257143,9.302857,9.737143],"rotation":{"angle":0.0,"axis":"y","origin":[10.857143,-10.857143,6.857143]},"faces":{"east":{"uv":[2.75,4.5,3.25,5.625],"rotation":0,"texture":"#0","tintindex":0},"south":{"uv":[3.25,4.5,3.75,5.625],"rotation":0,"texture":"#0","tintindex":0},"north":{"uv":[4.5,3.75,5.0,4.875],"rotation":0,"texture":"#0","tintindex":0},"west":{"uv":[3.75,4.5,4.25,5.625],"rotation":0,"texture":"#0","tintindex":0},"up":{"uv":[6.75,7.625,6.25,7.125],"rotation":90,"texture":"#0","tintindex":0},"down":{"uv":[1.0,7.25,0.5,7.75],"rotation":270,"texture":"#0","tintindex":0}}},{"from":[2.2171426,2.822857,6.497143],"to":[5.0971427,7.8628573,10.097143],"rotation":{"angle":0.0,"axis":"y","origin":[10.857143,-10.857143,6.857143]},"faces":{"east":{"uv":[4.75,6.0,5.25,6.875],"rotation":0,"texture":"#0","tintindex":0},"south":{"uv":[2.0,6.375,1.5,7.25],"rotation":0,"texture":"#0","tintindex":0},"north":{"uv":[1.5,6.375,2.0,7.25],"rotation":0,"texture":"#0","tintindex":0},"west":{"uv":[0.0,6.25,0.5,7.125],"rotation":0,"texture":"#0","tintindex":0},"up":{"uv":[7.75,6.125,7.25,5.625],"rotation":90,"texture":"#0","tintindex":0},"down":{"uv":[7.75,6.125,7.25,6.625],"rotation":270,"texture":"#0","tintindex":0}}},{"from":[3.6571426,4.9828568,6.1371427],"to":[6.5371428,10.742857,10.457143],"rotation":{"angle":0.0,"axis":"y","origin":[10.857143,-10.857143,6.857143]},"faces":{"east":{"uv":[2.375,2.5,3.125,3.5],"rotation":0,"texture":"#0","tintindex":0},"south":{"uv":[2.5,5.375,2.0,6.375],"rotation":0,"texture":"#0","tintindex":0},"north":{"uv":[2.0,5.375,2.5,6.375],"rotation":0,"texture":"#0","tintindex":0},"west":{"uv":[0.0,3.0,0.75,4.0],"rotation":0,"texture":"#0","tintindex":0},"up":{"uv":[7.5,7.25,6.75,6.75],"rotation":90,"texture":"#0","tintindex":0},"down":{"uv":[4.75,6.875,4.0,7.375],"rotation":270,"texture":"#0","tintindex":0}}},{"from":[3.1531425,0.518857,6.1371427],"to":[6.753143,1.5988569,7.217143],"rotation":{"angle":-45.0,"axis":"z","origin":[7.257143,7.142857,6.857143]},"faces":{"east":{"uv":[12.5,2.5,12.75,2.75],"rotation":0,"texture":"#0","tintindex":0},"south":{"uv":[16.0,0.0,15.375,0.25],"rotation":0,"texture":"#0","tintindex":0},"north":{"uv":[15.375,0.0,16.0,0.25],"rotation":0,"texture":"#0","tintindex":0},"west":{"uv":[12.5,2.5,12.75,2.75],"rotation":0,"texture":"#0","tintindex":0},"up":{"uv":[16.0,0.0,15.375,0.25],"rotation":0,"texture":"#0","tintindex":0},"down":{"uv":[16.0,0.0,15.375,0.25],"rotation":0,"texture":"#0","tintindex":0}}},{"from":[3.1531425,0.518857,9.377143],"to":[6.753143,1.5988569,10.457143],"rotation":{"angle":-45.0,"axis":"z","origin":[7.257143,7.142857,6.857143]},"faces":{"east":{"uv":[12.5,2.5,12.75,2.75],"rotation":0,"texture":"#0","tintindex":0},"south":{"uv":[16.0,0.0,15.375,0.25],"rotation":0,"texture":"#0","tintindex":0},"north":{"uv":[15.375,0.0,16.0,0.25],"rotation":0,"texture":"#0","tintindex":0},"west":{"uv":[12.5,2.5,12.75,2.75],"rotation":0,"texture":"#0","tintindex":0},"up":{"uv":[16.0,0.0,15.375,0.25],"rotation":0,"texture":"#0","tintindex":0},"down":{"uv":[16.0,0.0,15.375,0.25],"rotation":0,"texture":"#0","tintindex":0}}}],"display":{"head":{"translation":[0.0,-6.4,0.0],"scale":[4.0,4.0,4.0]}}}