{"textures":{"0":"modelengine:entity/rider"},"elements":[{"from":[7.631837,7.9608164,4.6971426],"to":[8.351837,8.680817,10.457143],"rotation":{"angle":0.0,"axis":"y","origin":[7.631837,13.000816,8.297143]},"faces":{"east":{"uv":[0.0,1.125,0.125,1.25],"rotation":0,"texture":"#0","tintindex":0},"south":{"uv":[0.0,1.125,0.125,1.25],"rotation":0,"texture":"#0","tintindex":0},"north":{"uv":[0.0,1.25,0.125,1.375],"rotation":0,"texture":"#0","tintindex":0},"west":{"uv":[0.0,1.0,0.125,1.125],"rotation":0,"texture":"#0","tintindex":0},"up":{"uv":[0.0,1.125,0.125,1.25],"rotation":0,"texture":"#0","tintindex":0},"down":{"uv":[0.0,1.25,0.125,1.375],"rotation":0,"texture":"#0","tintindex":0}}},{"from":[7.775837,6.952816,-8.406858],"to":[8.135837,9.832816,5.273143],"rotation":{"angle":0.0,"axis":"y","origin":[7.631837,13.000816,8.297143]},"faces":{"east":{"uv":[8.125,1.875,10.5,2.375],"rotation":0,"texture":"#0","tintindex":0},"south":{"uv":[0.0,1.125,0.125,1.25],"rotation":0,"texture":"#0","tintindex":0},"north":{"uv":[10.5,1.875,10.625,2.375],"rotation":0,"texture":"#0","tintindex":0},"west":{"uv":[10.5,1.875,8.125,2.375],"rotation":0,"texture":"#0","tintindex":0},"up":{"uv":[10.625,1.0,10.75,3.375],"rotation":0,"texture":"#0","tintindex":0},"down":{"uv":[10.625,3.375,10.75,1.0],"rotation":0,"texture":"#0","tintindex":0}}},{"from":[7.775837,7.312816,-9.126858],"to":[8.135837,10.192817,-8.406858],"rotation":{"angle":0.0,"axis":"y","origin":[7.631837,13.000816,8.297143]},"faces":{"east":{"uv":[10.5,1.875,10.625,2.375],"rotation":0,"texture":"#0","tintindex":0},"south":{"uv":[0.0,1.125,0.125,1.25],"rotation":0,"texture":"#0","tintindex":0},"north":{"uv":[10.5,1.875,10.625,2.375],"rotation":0,"texture":"#0","tintindex":0},"west":{"uv":[10.5,1.875,10.625,2.375],"rotation":0,"texture":"#0","tintindex":0},"up":{"uv":[10.5,1.875,10.625,2.0],"rotation":0,"texture":"#0","tintindex":0},"down":{"uv":[10.5,2.25,10.625,2.375],"rotation":0,"texture":"#0","tintindex":0}}},{"from":[7.5958366,6.5928164,2.3931422],"to":[8.315837,10.912817,3.1131425],"rotation":{"angle":0.0,"axis":"y","origin":[7.631837,13.000816,8.297143]},"faces":{"east":{"uv":[10.75,1.875,10.875,2.375],"rotation":0,"texture":"#0","tintindex":0},"south":{"uv":[10.75,1.875,10.875,2.375],"rotation":0,"texture":"#0","tintindex":0},"north":{"uv":[10.75,1.875,10.875,2.375],"rotation":0,"texture":"#0","tintindex":0},"west":{"uv":[10.75,1.875,10.875,2.375],"rotation":0,"texture":"#0","tintindex":0},"up":{"uv":[10.75,1.875,10.875,2.0],"rotation":0,"texture":"#0","tintindex":0},"down":{"uv":[10.75,2.25,10.875,2.375],"rotation":0,"texture":"#0","tintindex":0}}},{"from":[7.5958366,6.5928164,0.95314264],"to":[8.315837,10.912817,1.6731429],"rotation":{"angle":0.0,"axis":"y","origin":[7.631837,13.000816,8.297143]},"faces":{"east":{"uv":[10.75,1.875,10.875,2.375],"rotation":0,"texture":"#0","tintindex":0},"south":{"uv":[10.75,1.875,10.875,2.375],"rotation":0,"texture":"#0","tintindex":0},"north":{"uv":[10.75,1.875,10.875,2.375],"rotation":0,"texture":"#0","tintindex":0},"west":{"uv":[10.75,1.875,10.875,2.375],"rotation":0,"texture":"#0","tintindex":0},"up":{"uv":[10.75,1.875,10.875,2.0],"rotation":0,"texture":"#0","tintindex":0},"down":{"uv":[10.75,2.25,10.875,2.375],"rotation":0,"texture":"#0","tintindex":0}}},{"from":[7.775837,8.032816,-9.846859],"to":[8.135837,10.912817,-9.126858],"rotation":{"angle":0.0,"axis":"y","origin":[7.631837,13.000816,8.297143]},"faces":{"east":{"uv":[10.5,1.875,10.625,2.375],"rotation":0,"texture":"#0","tintindex":0},"south":{"uv":[0.0,1.125,0.125,1.25],"rotation":0,"texture":"#0","tintindex":0},"north":{"uv":[10.5,1.875,10.625,2.375],"rotation":0,"texture":"#0","tintindex":0},"west":{"uv":[10.5,1.875,10.625,2.375],"rotation":0,"texture":"#0","tintindex":0},"up":{"uv":[10.5,1.875,10.625,2.0],"rotation":0,"texture":"#0","tintindex":0},"down":{"uv":[10.5,2.25,10.625,2.375],"rotation":0,"texture":"#0","tintindex":0}}},{"from":[7.2718368,5.440816,5.417143],"to":[8.711837,10.480817,6.1371427],"rotation":{"angle":0.0,"axis":"y","origin":[7.631837,13.000816,8.297143]},"faces":{"east":{"uv":[10.875,1.875,11.0,2.75],"rotation":0,"texture":"#0","tintindex":0},"south":{"uv":[10.875,1.875,11.0,2.75],"rotation":0,"texture":"#0","tintindex":0},"north":{"uv":[10.875,1.875,11.0,2.75],"rotation":0,"texture":"#0","tintindex":0},"west":{"uv":[10.875,1.875,11.0,2.75],"rotation":0,"texture":"#0","tintindex":0},"up":{"uv":[0.0,1.125,0.125,1.25],"rotation":0,"texture":"#0","tintindex":0},"down":{"uv":[0.0,1.25,0.125,1.375],"rotation":0,"texture":"#0","tintindex":0}}}],"display":{"head":{"translation":[0.0,-6.4,0.0],"scale":[4.0,4.0,4.0]}}}