{"textures":{"4":"modelengine:entity/mega_warden"},"elements":[{"from":[3.6225095,-0.57142925,5.0093837],"to":[9.908224,9.142858,11.866527],"rotation":{"angle":0.0,"axis":"y","origin":[4.7653666,8.0,9.009384]},"faces":{"east":{"uv":[4.8145,0.002,5.5605,1.0605],"rotation":0,"texture":"#4","tintindex":0},"south":{"uv":[5.5645,0.002,6.248,1.0605],"rotation":0,"texture":"#4","tintindex":0},"north":{"uv":[5.3145,4.627,5.998,5.6855],"rotation":0,"texture":"#4","tintindex":0},"west":{"uv":[1.5645,4.8145,2.3105,5.873],"rotation":0,"texture":"#4","tintindex":0},"up":{"uv":[4.998,7.3105,4.3145,6.5645],"rotation":0,"texture":"#4","tintindex":0},"down":{"uv":[7.3105,1.9395,6.627,2.6855],"rotation":0,"texture":"#4","tintindex":0}}}],"display":{"head":{"translation":[0.0,-6.4,0.0],"scale":[4.0,4.0,4.0]}}}