{"textures":{"4":"modelengine:entity/mega_warden"},"elements":[{"from":[9.414213,2.8571424,4.5857863],"to":[9.414213,13.142858,8.585787],"rotation":{"angle":-45.0,"axis":"y","origin":[9.414213,7.142857,6.5857863]},"faces":{"east":{"uv":[6.0645,6.627,6.498,7.748],"rotation":0,"texture":"#4","tintindex":0},"south":{"uv":[0.002,0.002,0.002,1.123],"rotation":0,"texture":"#4","tintindex":0},"north":{"uv":[0.002,0.002,0.002,1.123],"rotation":0,"texture":"#4","tintindex":0},"west":{"uv":[6.498,6.627,6.0645,7.748],"rotation":0,"texture":"#4","tintindex":0},"up":{"uv":[0.002,0.4355,0.002,0.002],"rotation":0,"texture":"#4","tintindex":0},"down":{"uv":[0.002,0.002,0.002,0.4355],"rotation":0,"texture":"#4","tintindex":0}}}],"display":{"head":{"translation":[0.0,-6.4,0.0],"scale":[4.0,4.0,4.0]}}}