{"textures":{"4":"modelengine:entity/mega_warden"},"elements":[{"from":[2.2857141,-0.44391823,4.3631387],"to":[8.0,10.413225,10.648853],"rotation":{"angle":0.0,"axis":"y","origin":[2.8571424,9.270369,6.648853]},"faces":{"east":{"uv":[0.877,4.5645,1.5605,5.748],"rotation":0,"texture":"#4","tintindex":0},"south":{"uv":[5.002,1.0645,5.623,2.248],"rotation":0,"texture":"#4","tintindex":0},"north":{"uv":[3.6895,4.9395,4.3105,6.123],"rotation":0,"texture":"#4","tintindex":0},"west":{"uv":[4.627,4.627,5.3105,5.8105],"rotation":0,"texture":"#4","tintindex":0},"up":{"uv":[4.1855,7.5605,3.5645,6.877],"rotation":0,"texture":"#4","tintindex":0},"down":{"uv":[7.498,5.1895,6.877,5.873],"rotation":0,"texture":"#4","tintindex":0}}},{"from":[0.7549801,0.9658861,4.3631387],"to":[0.7549801,8.965886,10.648853],"rotation":{"angle":22.5,"axis":"z","origin":[0.7549801,4.965886,7.5059958]},"faces":{"east":{"uv":[6.8105,1.0645,6.127,1.9355],"rotation":0,"texture":"#4","tintindex":0},"south":{"uv":[0.002,0.002,0.002,0.873],"rotation":0,"texture":"#4","tintindex":0},"north":{"uv":[0.002,0.002,0.002,0.873],"rotation":0,"texture":"#4","tintindex":0},"west":{"uv":[6.127,1.0645,6.8105,1.9355],"rotation":0,"texture":"#4","tintindex":0},"up":{"uv":[0.002,0.6855,0.002,0.002],"rotation":0,"texture":"#4","tintindex":0},"down":{"uv":[0.002,0.002,0.002,0.6855],"rotation":0,"texture":"#4","tintindex":0}}},{"from":[2.2857141,-0.8571434,12.726278],"to":[8.0,4.8571424,12.726278],"rotation":{"angle":22.5,"axis":"x","origin":[5.142857,4.5714283,12.726278]},"faces":{"east":{"uv":[0.002,0.002,0.002,0.623],"rotation":0,"texture":"#4","tintindex":0},"south":{"uv":[7.4355,1.3145,6.8145,1.9355],"rotation":0,"texture":"#4","tintindex":0},"north":{"uv":[6.8145,1.3145,7.4355,1.9355],"rotation":0,"texture":"#4","tintindex":0},"west":{"uv":[0.002,0.002,0.002,0.623],"rotation":0,"texture":"#4","tintindex":0},"up":{"uv":[0.623,0.002,0.002,0.002],"rotation":0,"texture":"#4","tintindex":0},"down":{"uv":[0.623,0.002,0.002,0.002],"rotation":0,"texture":"#4","tintindex":0}}},{"from":[2.2857141,1.9999995,2.2857141],"to":[8.0,7.714286,2.2857141],"rotation":{"angle":-22.5,"axis":"x","origin":[5.142857,7.428571,2.2857141]},"faces":{"east":{"uv":[0.002,0.002,0.002,0.623],"rotation":0,"texture":"#4","tintindex":0},"south":{"uv":[7.127,2.6895,7.748,3.3105],"rotation":0,"texture":"#4","tintindex":0},"north":{"uv":[7.748,2.6895,7.127,3.3105],"rotation":0,"texture":"#4","tintindex":0},"west":{"uv":[0.002,0.002,0.002,0.623],"rotation":0,"texture":"#4","tintindex":0},"up":{"uv":[0.623,0.002,0.002,0.002],"rotation":0,"texture":"#4","tintindex":0},"down":{"uv":[0.623,0.002,0.002,0.002],"rotation":0,"texture":"#4","tintindex":0}}}],"display":{"head":{"translation":[0.0,-6.4,0.0],"scale":[4.0,4.0,4.0]}}}