{"textures":{"4":"modelengine:entity/mega_warden"},"elements":[{"from":[6.9513054,4.5714283,4.477266],"to":[6.9513054,11.428572,9.048695],"rotation":{"angle":22.5,"axis":"y","origin":[4.8395805,7.714286,5.888275]},"faces":{"east":{"uv":[4.127,2.752,4.623,3.498],"rotation":0,"texture":"#4","tintindex":0},"south":{"uv":[0.002,0.002,0.002,0.748],"rotation":0,"texture":"#4","tintindex":0},"north":{"uv":[0.002,0.002,0.002,0.748],"rotation":0,"texture":"#4","tintindex":0},"west":{"uv":[4.623,2.752,4.127,3.498],"rotation":0,"texture":"#4","tintindex":0},"up":{"uv":[0.002,0.498,0.002,0.002],"rotation":0,"texture":"#4","tintindex":0},"down":{"uv":[0.002,0.002,0.002,0.498],"rotation":0,"texture":"#4","tintindex":0}}}],"display":{"head":{"translation":[0.0,-6.4,0.0],"scale":[4.0,4.0,4.0]}}}