{"textures":{"0":"modelengine:entity/mega_warden_invis"},"elements":[{"from":[3.4285712,5.804261,1.5554714],"to":[12.571428,8.089976,1.5554714],"rotation":{"angle":0.0,"axis":"y","origin":[0.5714283,-11.910025,-4.1588154]},"faces":{"east":{"uv":[0.002,0.002,0.002,0.248],"rotation":0,"texture":"#0","tintindex":0},"south":{"uv":[7.5645,4.9395,8.5605,5.1855],"rotation":0,"texture":"#0","tintindex":0},"north":{"uv":[8.5605,4.9395,7.5645,5.1855],"rotation":0,"texture":"#0","tintindex":0},"west":{"uv":[0.002,0.002,0.002,0.248],"rotation":0,"texture":"#0","tintindex":0},"up":{"uv":[0.998,0.002,0.002,0.002],"rotation":0,"texture":"#0","tintindex":0},"down":{"uv":[0.998,0.002,0.002,0.002],"rotation":0,"texture":"#0","tintindex":0}}},{"from":[3.4285712,8.089976,1.5554714],"to":[12.571428,13.232834,10.126901],"rotation":{"angle":0.0,"axis":"y","origin":[8.571428,-11.910025,-4.1588154]},"faces":{"east":{"uv":[7.4355,3.627,6.502,4.1855],"rotation":0,"texture":"#0","tintindex":0},"south":{"uv":[6.127,6.0645,7.123,6.623],"rotation":0,"texture":"#0","tintindex":0},"north":{"uv":[6.127,3.0645,7.123,3.623],"rotation":0,"texture":"#0","tintindex":0},"west":{"uv":[6.502,3.627,7.4355,4.1855],"rotation":0,"texture":"#0","tintindex":0},"up":{"uv":[5.623,3.6855,4.627,2.752],"rotation":0,"texture":"#0","tintindex":0},"down":{"uv":[5.623,3.6895,4.627,4.623],"rotation":0,"texture":"#0","tintindex":0}}},{"from":[3.4285712,5.804261,1.5554714],"to":[3.4285712,8.089976,7.841186],"rotation":{"angle":0.0,"axis":"y","origin":[6.0,2.0899758,0.41261435]},"faces":{"east":{"uv":[7.752,2.6895,8.4355,2.9355],"rotation":0,"texture":"#0","tintindex":0},"south":{"uv":[0.002,0.002,0.002,0.248],"rotation":0,"texture":"#0","tintindex":0},"north":{"uv":[0.002,0.002,0.002,0.248],"rotation":0,"texture":"#0","tintindex":0},"west":{"uv":[8.4355,2.6895,7.752,2.9355],"rotation":0,"texture":"#0","tintindex":0},"up":{"uv":[0.002,0.6855,0.002,0.002],"rotation":0,"texture":"#0","tintindex":0},"down":{"uv":[0.002,0.002,0.002,0.6855],"rotation":0,"texture":"#0","tintindex":0}}},{"from":[12.571428,5.804261,1.5554714],"to":[12.571428,8.089976,7.841186],"rotation":{"angle":0.0,"axis":"y","origin":[11.142858,2.0899758,0.41261435]},"faces":{"east":{"uv":[7.752,2.6895,8.4355,2.9355],"rotation":0,"texture":"#0","tintindex":0},"south":{"uv":[0.002,0.002,0.002,0.248],"rotation":0,"texture":"#0","tintindex":0},"north":{"uv":[0.002,0.002,0.002,0.248],"rotation":0,"texture":"#0","tintindex":0},"west":{"uv":[8.4355,2.6895,7.752,2.9355],"rotation":0,"texture":"#0","tintindex":0},"up":{"uv":[0.002,0.6855,0.002,0.002],"rotation":0,"texture":"#0","tintindex":0},"down":{"uv":[0.002,0.002,0.002,0.6855],"rotation":0,"texture":"#0","tintindex":0}}},{"from":[-3.567422,9.232833,7.1743894],"to":[4.4325795,12.661406,10.602961],"rotation":{"angle":22.5,"axis":"y","origin":[-0.13884926,10.947119,8.888676]},"faces":{"east":{"uv":[1.627,3.127,1.998,3.498],"rotation":0,"texture":"#0","tintindex":0},"south":{"uv":[7.3145,2.3145,8.1855,2.6855],"rotation":0,"texture":"#0","tintindex":0},"north":{"uv":[1.3145,7.252,2.1855,7.623],"rotation":0,"texture":"#0","tintindex":0},"west":{"uv":[6.627,2.6895,6.998,3.0605],"rotation":0,"texture":"#0","tintindex":0},"up":{"uv":[8.3105,1.6855,7.4395,1.3145],"rotation":0,"texture":"#0","tintindex":0},"down":{"uv":[8.3105,3.3145,7.4395,3.6855],"rotation":0,"texture":"#0","tintindex":0}}},{"from":[-3.567422,12.661406,8.317246],"to":[-1.8531361,16.089977,9.460104],"rotation":{"angle":22.5,"axis":"y","origin":[-0.13884926,10.947119,8.888676]},"faces":{"east":{"uv":[6.002,5.3145,6.123,5.6855],"rotation":0,"texture":"#0","tintindex":0},"south":{"uv":[5.127,5.8145,5.3105,6.1855],"rotation":0,"texture":"#0","tintindex":0},"north":{"uv":[4.8145,1.0645,4.998,1.4355],"rotation":0,"texture":"#0","tintindex":0},"west":{"uv":[5.002,6.5645,5.123,6.9355],"rotation":0,"texture":"#0","tintindex":0},"up":{"uv":[4.998,1.5605,4.8145,1.4395],"rotation":0,"texture":"#0","tintindex":0},"down":{"uv":[3.1855,4.8145,3.002,4.9355],"rotation":0,"texture":"#0","tintindex":0}}},{"from":[11.654415,9.232833,7.611742],"to":[19.654415,12.661406,11.040314],"rotation":{"angle":-22.5,"axis":"y","origin":[17.281708,10.947119,8.888676]},"faces":{"east":{"uv":[6.998,2.6895,6.627,3.0605],"rotation":0,"texture":"#0","tintindex":0},"south":{"uv":[8.1855,2.3145,7.3145,2.6855],"rotation":0,"texture":"#0","tintindex":0},"north":{"uv":[2.1855,7.252,1.3145,7.623],"rotation":0,"texture":"#0","tintindex":0},"west":{"uv":[1.998,3.127,1.627,3.498],"rotation":0,"texture":"#0","tintindex":0},"up":{"uv":[7.4395,1.6855,8.3105,1.3145],"rotation":0,"texture":"#0","tintindex":0},"down":{"uv":[7.4395,3.3145,8.3105,3.6855],"rotation":0,"texture":"#0","tintindex":0}}},{"from":[17.94013,12.661406,8.7546],"to":[19.654415,16.089977,9.897456],"rotation":{"angle":-22.5,"axis":"y","origin":[17.281708,10.947119,8.888676]},"faces":{"east":{"uv":[5.123,6.5645,5.002,6.9355],"rotation":0,"texture":"#0","tintindex":0},"south":{"uv":[5.3105,5.8145,5.127,6.1855],"rotation":0,"texture":"#0","tintindex":0},"north":{"uv":[4.998,1.0645,4.8145,1.4355],"rotation":0,"texture":"#0","tintindex":0},"west":{"uv":[6.123,5.3145,6.002,5.6855],"rotation":0,"texture":"#0","tintindex":0},"up":{"uv":[4.8145,1.5605,4.998,1.4395],"rotation":0,"texture":"#0","tintindex":0},"down":{"uv":[3.002,4.8145,3.1855,4.9355],"rotation":0,"texture":"#0","tintindex":0}}},{"from":[3.4285712,8.857143,0.5714283],"to":[12.571428,11.714286,0.5714283],"rotation":{"angle":22.5,"axis":"x","origin":[8.0,9.142858,0.5714283]},"faces":{"east":{"uv":[0.002,0.002,0.002,0.3105],"rotation":0,"texture":"#0","tintindex":0},"south":{"uv":[7.502,0.002,8.498,0.3105],"rotation":0,"texture":"#0","tintindex":0},"north":{"uv":[8.498,0.002,7.502,0.3105],"rotation":0,"texture":"#0","tintindex":0},"west":{"uv":[0.002,0.002,0.002,0.3105],"rotation":0,"texture":"#0","tintindex":0},"up":{"uv":[0.998,0.002,0.002,0.002],"rotation":0,"texture":"#0","tintindex":0},"down":{"uv":[0.998,0.002,0.002,0.002],"rotation":0,"texture":"#0","tintindex":0}}}],"display":{"head":{"translation":[0.0,-6.4,0.0],"scale":[4.0,4.0,4.0]}}}