{"textures":{"0":"modelengine:entity/mega_warden_invis"},"elements":[{"from":[3.7142854,5.142857,1.1428566],"to":[11.714286,8.0,8.0],"rotation":{"angle":0.0,"axis":"y","origin":[5.714286,4.285714,0.0]},"faces":{"east":{"uv":[8.373,5.752,7.627,6.0605],"rotation":0,"texture":"#0","tintindex":0},"south":{"uv":[7.5645,4.627,8.4355,4.9355],"rotation":0,"texture":"#0","tintindex":0},"north":{"uv":[7.5645,4.3145,8.4355,4.623],"rotation":0,"texture":"#0","tintindex":0},"west":{"uv":[7.627,5.752,8.373,6.0605],"rotation":0,"texture":"#0","tintindex":0},"up":{"uv":[6.498,4.4355,5.627,3.6895],"rotation":0,"texture":"#0","tintindex":0},"down":{"uv":[0.873,5.6895,0.002,6.4355],"rotation":0,"texture":"#0","tintindex":0}}},{"from":[1.4285712,7.8042617,0.15881348],"to":[6.0,12.947119,0.15881348],"rotation":{"angle":-22.5,"axis":"x","origin":[5.142857,10.37569,0.15881348]},"faces":{"east":{"uv":[0.002,0.002,0.002,0.5605],"rotation":0,"texture":"#0","tintindex":0},"south":{"uv":[7.998,5.1895,7.502,5.748],"rotation":0,"texture":"#0","tintindex":0},"north":{"uv":[7.502,5.1895,7.998,5.748],"rotation":0,"texture":"#0","tintindex":0},"west":{"uv":[0.002,0.002,0.002,0.5605],"rotation":0,"texture":"#0","tintindex":0},"up":{"uv":[0.498,0.002,0.002,0.002],"rotation":0,"texture":"#0","tintindex":0},"down":{"uv":[0.498,0.002,0.002,0.002],"rotation":0,"texture":"#0","tintindex":0}}},{"from":[9.428572,7.8042617,0.15881348],"to":[14.0,12.947119,0.15881348],"rotation":{"angle":-22.5,"axis":"x","origin":[11.428572,10.37569,0.15881348]},"faces":{"east":{"uv":[0.002,0.002,0.002,0.5605],"rotation":0,"texture":"#0","tintindex":0},"south":{"uv":[7.502,5.1895,7.998,5.748],"rotation":0,"texture":"#0","tintindex":0},"north":{"uv":[7.998,5.1895,7.502,5.748],"rotation":0,"texture":"#0","tintindex":0},"west":{"uv":[0.002,0.002,0.002,0.5605],"rotation":0,"texture":"#0","tintindex":0},"up":{"uv":[0.002,0.002,0.498,0.002],"rotation":0,"texture":"#0","tintindex":0},"down":{"uv":[0.002,0.002,0.498,0.002],"rotation":0,"texture":"#0","tintindex":0}}},{"from":[3.7142854,8.0,1.1428566],"to":[3.7142854,9.714286,8.0],"rotation":{"angle":0.0,"axis":"y","origin":[5.714286,4.285714,0.0]},"faces":{"east":{"uv":[8.623,7.627,7.877,7.8105],"rotation":0,"texture":"#0","tintindex":0},"south":{"uv":[0.002,0.002,0.002,0.1855],"rotation":0,"texture":"#0","tintindex":0},"north":{"uv":[0.002,0.002,0.002,0.1855],"rotation":0,"texture":"#0","tintindex":0},"west":{"uv":[7.877,7.627,8.623,7.8105],"rotation":0,"texture":"#0","tintindex":0},"up":{"uv":[0.002,0.748,0.002,0.002],"rotation":0,"texture":"#0","tintindex":0},"down":{"uv":[0.002,0.002,0.002,0.748],"rotation":0,"texture":"#0","tintindex":0}}},{"from":[11.714286,8.0,1.1428566],"to":[11.714286,9.714286,8.0],"rotation":{"angle":0.0,"axis":"y","origin":[10.857143,4.285714,0.0]},"faces":{"east":{"uv":[8.623,7.627,7.877,7.8105],"rotation":0,"texture":"#0","tintindex":0},"south":{"uv":[0.002,0.002,0.002,0.1855],"rotation":0,"texture":"#0","tintindex":0},"north":{"uv":[0.002,0.002,0.002,0.1855],"rotation":0,"texture":"#0","tintindex":0},"west":{"uv":[7.877,7.627,8.623,7.8105],"rotation":0,"texture":"#0","tintindex":0},"up":{"uv":[0.002,0.748,0.002,0.002],"rotation":0,"texture":"#0","tintindex":0},"down":{"uv":[0.002,0.002,0.002,0.748],"rotation":0,"texture":"#0","tintindex":0}}},{"from":[5.428571,8.0,1.1428566],"to":[10.0,9.714286,1.1428566],"rotation":{"angle":0.0,"axis":"y","origin":[5.714286,4.285714,0.0]},"faces":{"east":{"uv":[0.002,0.002,0.002,0.1855],"rotation":0,"texture":"#0","tintindex":0},"south":{"uv":[6.252,0.8145,6.748,0.998],"rotation":0,"texture":"#0","tintindex":0},"north":{"uv":[6.252,0.8145,6.748,0.998],"rotation":0,"texture":"#0","tintindex":0},"west":{"uv":[0.002,0.002,0.002,0.1855],"rotation":0,"texture":"#0","tintindex":0},"up":{"uv":[0.498,0.002,0.002,0.002],"rotation":0,"texture":"#0","tintindex":0},"down":{"uv":[0.498,0.002,0.002,0.002],"rotation":0,"texture":"#0","tintindex":0}}}],"display":{"head":{"translation":[0.0,-6.4,0.0],"scale":[4.0,4.0,4.0]}}}