{"textures":{"0":"modelengine:entity/mega_warden_invis"},"elements":[{"from":[6.091776,1.1428566,8.152241],"to":[10.091776,8.0,13.295098],"rotation":{"angle":0.0,"axis":"y","origin":[10.091776,6.857143,12.152241]},"faces":{"east":{"uv":[2.748,6.9395,2.1895,7.6855],"rotation":0,"texture":"#0","tintindex":0},"south":{"uv":[3.1855,7.1895,2.752,7.9355],"rotation":0,"texture":"#0","tintindex":0},"north":{"uv":[6.0605,7.002,5.627,7.748],"rotation":0,"texture":"#0","tintindex":0},"west":{"uv":[7.498,0.002,6.9395,0.748],"rotation":0,"texture":"#0","tintindex":0},"up":{"uv":[1.3145,8.1855,1.748,7.627],"rotation":0,"texture":"#0","tintindex":0},"down":{"uv":[1.752,7.627,2.1855,8.1855],"rotation":0,"texture":"#0","tintindex":0}}},{"from":[10.857143,1.1428566,13.142858],"to":[10.857143,8.0,17.142857],"rotation":{"angle":22.5,"axis":"y","origin":[10.857143,4.5714283,15.142858]},"faces":{"east":{"uv":[4.623,7.3145,4.1895,8.0605],"rotation":0,"texture":"#0","tintindex":0},"south":{"uv":[0.002,0.002,0.002,0.748],"rotation":0,"texture":"#0","tintindex":0},"north":{"uv":[0.002,0.002,0.002,0.748],"rotation":0,"texture":"#0","tintindex":0},"west":{"uv":[4.1895,7.3145,4.623,8.0605],"rotation":0,"texture":"#0","tintindex":0},"up":{"uv":[0.002,0.4355,0.002,0.002],"rotation":0,"texture":"#0","tintindex":0},"down":{"uv":[0.002,0.002,0.002,0.4355],"rotation":0,"texture":"#0","tintindex":0}}}],"display":{"head":{"translation":[0.0,-6.4,0.0],"scale":[4.0,4.0,4.0]}}}