{"textures":{"0":"modelengine:entity/mega_warden_invis"},"elements":[{"from":[-1.1428576,8.0,-0.14285755],"to":[17.714287,18.285715,7.857143],"rotation":{"angle":0.0,"axis":"y","origin":[8.571428,-3.4285717,-12.1428585]},"faces":{"east":{"uv":[4.127,1.627,4.998,2.748],"rotation":0,"texture":"#0","tintindex":0},"south":{"uv":[0.002,1.127,2.0605,2.248],"rotation":0,"texture":"#0","tintindex":0},"north":{"uv":[0.002,0.002,2.0605,1.123],"rotation":0,"texture":"#0","tintindex":0},"west":{"uv":[4.998,1.627,4.127,2.748],"rotation":0,"texture":"#0","tintindex":0},"up":{"uv":[2.0605,3.123,0.002,2.252],"rotation":0,"texture":"#0","tintindex":0},"down":{"uv":[4.123,2.627,2.0645,3.498],"rotation":0,"texture":"#0","tintindex":0}}},{"from":[-2.017562,3.602561,-0.14285755],"to":[-2.017562,8.173989,7.857143],"rotation":{"angle":-22.5,"axis":"z","origin":[-2.017562,5.888275,3.8571424]},"faces":{"east":{"uv":[6.6895,4.1895,7.5605,4.6855],"rotation":0,"texture":"#0","tintindex":0},"south":{"uv":[0.002,0.002,0.002,0.498],"rotation":0,"texture":"#0","tintindex":0},"north":{"uv":[0.002,0.002,0.002,0.498],"rotation":0,"texture":"#0","tintindex":0},"west":{"uv":[7.5605,4.1895,6.6895,4.6855],"rotation":0,"texture":"#0","tintindex":0},"up":{"uv":[0.002,0.873,0.002,0.002],"rotation":0,"texture":"#0","tintindex":0},"down":{"uv":[0.002,0.002,0.002,0.873],"rotation":0,"texture":"#0","tintindex":0}}},{"from":[18.632488,3.821237,-0.14285755],"to":[18.632488,8.392666,7.857143],"rotation":{"angle":22.5,"axis":"z","origin":[19.16042,5.888275,3.8571424]},"faces":{"east":{"uv":[6.6895,4.1895,7.5605,4.6855],"rotation":0,"texture":"#0","tintindex":0},"south":{"uv":[0.002,0.002,0.002,0.498],"rotation":0,"texture":"#0","tintindex":0},"north":{"uv":[0.002,0.002,0.002,0.498],"rotation":0,"texture":"#0","tintindex":0},"west":{"uv":[7.5605,4.1895,6.6895,4.6855],"rotation":0,"texture":"#0","tintindex":0},"up":{"uv":[0.002,0.873,0.002,0.002],"rotation":0,"texture":"#0","tintindex":0},"down":{"uv":[0.002,0.002,0.002,0.873],"rotation":0,"texture":"#0","tintindex":0}}},{"from":[8.0,8.0,7.857143],"to":[8.0,18.285715,12.428572],"rotation":{"angle":0.0,"axis":"y","origin":[8.571428,-3.4285717,-12.1428585]},"faces":{"east":{"uv":[6.623,1.9395,6.127,3.0605],"rotation":0,"texture":"#0","tintindex":0},"south":{"uv":[0.002,0.002,0.002,1.123],"rotation":0,"texture":"#0","tintindex":0},"north":{"uv":[0.002,0.002,0.002,1.123],"rotation":0,"texture":"#0","tintindex":0},"west":{"uv":[6.127,1.9395,6.623,3.0605],"rotation":0,"texture":"#0","tintindex":0},"up":{"uv":[0.002,0.498,0.002,0.002],"rotation":0,"texture":"#0","tintindex":0},"down":{"uv":[0.002,0.002,0.002,0.498],"rotation":0,"texture":"#0","tintindex":0}}},{"from":[-6.5084553,20.507647,-0.14285755],"to":[-0.22274017,20.507647,7.857143],"rotation":{"angle":-45.0,"axis":"z","origin":[-3.3655977,20.507647,3.8571424]},"faces":{"east":{"uv":[0.002,0.002,0.873,0.002],"rotation":0,"texture":"#0","tintindex":0},"south":{"uv":[0.002,0.002,0.6855,0.002],"rotation":0,"texture":"#0","tintindex":0},"north":{"uv":[0.002,0.002,0.6855,0.002],"rotation":0,"texture":"#0","tintindex":0},"west":{"uv":[0.002,0.002,0.873,0.002],"rotation":0,"texture":"#0","tintindex":0},"up":{"uv":[6.002,5.3105,6.6855,4.4395],"rotation":0,"texture":"#0","tintindex":0},"down":{"uv":[6.002,4.4395,6.6855,5.3105],"rotation":0,"texture":"#0","tintindex":0}}},{"from":[16.794168,20.945,-0.14285755],"to":[23.079884,20.945,7.857143],"rotation":{"angle":45.0,"axis":"z","origin":[20.464958,20.726322,3.8571424]},"faces":{"east":{"uv":[0.873,0.002,0.002,0.002],"rotation":0,"texture":"#0","tintindex":0},"south":{"uv":[0.6855,0.002,0.002,0.002],"rotation":0,"texture":"#0","tintindex":0},"north":{"uv":[0.6855,0.002,0.002,0.002],"rotation":0,"texture":"#0","tintindex":0},"west":{"uv":[0.873,0.002,0.002,0.002],"rotation":0,"texture":"#0","tintindex":0},"up":{"uv":[6.6855,5.3105,6.002,4.4395],"rotation":0,"texture":"#0","tintindex":0},"down":{"uv":[6.6855,4.4395,6.002,5.3105],"rotation":0,"texture":"#0","tintindex":0}}},{"from":[7.0534596,8.0,9.804669],"to":[7.0534596,18.285715,16.090385],"rotation":{"angle":22.5,"axis":"y","origin":[0.059862137,13.142858,10.760764]},"faces":{"east":{"uv":[2.3145,4.8145,2.998,5.9355],"rotation":0,"texture":"#0","tintindex":0},"south":{"uv":[0.002,0.002,0.002,1.123],"rotation":0,"texture":"#0","tintindex":0},"north":{"uv":[0.002,0.002,0.002,1.123],"rotation":0,"texture":"#0","tintindex":0},"west":{"uv":[2.998,4.8145,2.3145,5.9355],"rotation":0,"texture":"#0","tintindex":0},"up":{"uv":[0.002,0.6855,0.002,0.002],"rotation":0,"texture":"#0","tintindex":0},"down":{"uv":[0.002,0.002,0.002,0.6855],"rotation":0,"texture":"#0","tintindex":0}}},{"from":[10.132895,8.0,10.594774],"to":[10.132895,18.285715,16.88049],"rotation":{"angle":-22.5,"axis":"y","origin":[17.082996,13.142858,10.760764]},"faces":{"east":{"uv":[2.3145,4.8145,2.998,5.9355],"rotation":0,"texture":"#0","tintindex":0},"south":{"uv":[0.002,0.002,0.002,1.123],"rotation":0,"texture":"#0","tintindex":0},"north":{"uv":[0.002,0.002,0.002,1.123],"rotation":0,"texture":"#0","tintindex":0},"west":{"uv":[2.998,4.8145,2.3145,5.9355],"rotation":0,"texture":"#0","tintindex":0},"up":{"uv":[0.002,0.6855,0.002,0.002],"rotation":0,"texture":"#0","tintindex":0},"down":{"uv":[0.002,0.002,0.002,0.6855],"rotation":0,"texture":"#0","tintindex":0}}},{"from":[4.5714283,13.460714,-0.64484596],"to":[11.428572,20.317858,6.7837267],"rotation":{"angle":22.5,"axis":"x","origin":[12.571428,16.603573,2.2122974]},"faces":{"east":{"uv":[5.3145,5.6895,6.123,6.4355],"rotation":0,"texture":"#0","tintindex":0},"south":{"uv":[6.127,5.3145,6.873,6.0605],"rotation":0,"texture":"#0","tintindex":0},"north":{"uv":[3.5645,6.127,4.3105,6.873],"rotation":0,"texture":"#0","tintindex":0},"west":{"uv":[4.3145,5.8145,5.123,6.5605],"rotation":0,"texture":"#0","tintindex":0},"up":{"uv":[1.623,6.6855,0.877,5.877],"rotation":0,"texture":"#0","tintindex":0},"down":{"uv":[2.373,5.9395,1.627,6.748],"rotation":0,"texture":"#0","tintindex":0}}},{"from":[8.0,20.317858,-1.2162743],"to":[8.0,23.175,6.7837267],"rotation":{"angle":22.5,"axis":"x","origin":[12.571428,16.603573,2.2122974]},"faces":{"east":{"uv":[8.4355,4.002,7.5645,4.3105],"rotation":0,"texture":"#0","tintindex":0},"south":{"uv":[0.002,0.002,0.002,0.3105],"rotation":0,"texture":"#0","tintindex":0},"north":{"uv":[0.002,0.002,0.002,0.3105],"rotation":0,"texture":"#0","tintindex":0},"west":{"uv":[7.5645,4.002,8.4355,4.3105],"rotation":0,"texture":"#0","tintindex":0},"up":{"uv":[0.002,0.873,0.002,0.002],"rotation":0,"texture":"#0","tintindex":0},"down":{"uv":[0.002,0.002,0.002,0.873],"rotation":0,"texture":"#0","tintindex":0}}}],"display":{"head":{"translation":[0.0,-6.4,0.0],"scale":[4.0,4.0,4.0]}}}