{"textures":{"0":"modelengine:entity/viking_miniboss"},"elements":[{"from":[8.0,5.7142024,5.3999996],"to":[10.285714,7.9999166,10.542857],"rotation":{"angle":0.0,"axis":"y","origin":[10.142858,6.0857143,7.428571]},"faces":{"east":{"uv":[6.4375,1.75,7.0,2.0],"rotation":0,"texture":"#0","tintindex":0},"south":{"uv":[6.875,6.5,7.125,6.75],"rotation":0,"texture":"#0","tintindex":0},"north":{"uv":[5.4375,6.8125,5.6875,7.0625],"rotation":0,"texture":"#0","tintindex":0},"west":{"uv":[4.625,6.4375,5.1875,6.6875],"rotation":0,"texture":"#0","tintindex":0},"up":{"uv":[3.0,7.0,2.75,6.4375],"rotation":0,"texture":"#0","tintindex":0},"down":{"uv":[5.4375,6.4375,5.1875,7.0],"rotation":0,"texture":"#0","tintindex":0}}},{"from":[8.020944,4.2768035,5.457143],"to":[11.449515,6.562518,10.6],"rotation":{"angle":22.5,"axis":"z","origin":[10.142858,6.0857143,7.428571]},"faces":{"east":{"uv":[6.4375,5.6875,7.0,5.9375],"rotation":0,"texture":"#0","tintindex":0},"south":{"uv":[6.0625,6.75,6.4375,7.0],"rotation":0,"texture":"#0","tintindex":0},"north":{"uv":[5.6875,6.75,6.0625,7.0],"rotation":0,"texture":"#0","tintindex":0},"west":{"uv":[6.4375,5.9375,7.0,6.1875],"rotation":0,"texture":"#0","tintindex":0},"up":{"uv":[6.125,5.0,5.75,4.4375],"rotation":0,"texture":"#0","tintindex":0},"down":{"uv":[6.1875,1.0,5.8125,1.5625],"rotation":0,"texture":"#0","tintindex":0}}},{"from":[10.285714,5.7142024,5.3999996],"to":[12.0,7.9999166,8.257143],"rotation":{"angle":0.0,"axis":"y","origin":[10.142858,6.0857143,7.428571]},"faces":{"east":{"uv":[6.875,2.25,7.1875,2.5],"rotation":0,"texture":"#0","tintindex":0},"south":{"uv":[3.625,7.0,3.8125,7.25],"rotation":0,"texture":"#0","tintindex":0},"north":{"uv":[3.125,7.0,3.3125,7.25],"rotation":0,"texture":"#0","tintindex":0},"west":{"uv":[6.875,2.5,7.1875,2.75],"rotation":0,"texture":"#0","tintindex":0},"up":{"uv":[0.4375,7.25,0.25,6.9375],"rotation":0,"texture":"#0","tintindex":0},"down":{"uv":[7.1875,1.6875,7.0,2.0],"rotation":0,"texture":"#0","tintindex":0}}}],"display":{"head":{"translation":[0.0,-6.4,0.0],"scale":[4.0,4.0,4.0]}}}