{"textures":{"0":"modelengine:entity/viking_miniboss"},"elements":[{"from":[5.714286,5.7142024,5.3999996],"to":[8.0,7.9999166,10.542857],"rotation":{"angle":0.0,"axis":"y","origin":[5.8571424,6.0857143,7.428571]},"faces":{"east":{"uv":[5.1875,6.4375,4.625,6.6875],"rotation":0,"texture":"#0","tintindex":0},"south":{"uv":[7.125,6.5,6.875,6.75],"rotation":0,"texture":"#0","tintindex":0},"north":{"uv":[5.6875,6.8125,5.4375,7.0625],"rotation":0,"texture":"#0","tintindex":0},"west":{"uv":[7.0,1.75,6.4375,2.0],"rotation":0,"texture":"#0","tintindex":0},"up":{"uv":[2.75,7.0,3.0,6.4375],"rotation":0,"texture":"#0","tintindex":0},"down":{"uv":[5.1875,6.4375,5.4375,7.0],"rotation":0,"texture":"#0","tintindex":0}}},{"from":[4.5504847,4.2768035,5.457143],"to":[7.979056,6.562518,10.6],"rotation":{"angle":-22.5,"axis":"z","origin":[5.8571424,6.0857143,7.428571]},"faces":{"east":{"uv":[7.0,5.9375,6.4375,6.1875],"rotation":0,"texture":"#0","tintindex":0},"south":{"uv":[6.4375,6.75,6.0625,7.0],"rotation":0,"texture":"#0","tintindex":0},"north":{"uv":[6.0625,6.75,5.6875,7.0],"rotation":0,"texture":"#0","tintindex":0},"west":{"uv":[7.0,5.6875,6.4375,5.9375],"rotation":0,"texture":"#0","tintindex":0},"up":{"uv":[5.75,5.0,6.125,4.4375],"rotation":0,"texture":"#0","tintindex":0},"down":{"uv":[5.8125,1.0,6.1875,1.5625],"rotation":0,"texture":"#0","tintindex":0}}},{"from":[4.0,5.7142024,5.3999996],"to":[5.714286,7.9999166,8.257143],"rotation":{"angle":0.0,"axis":"y","origin":[5.8571424,6.0857143,7.428571]},"faces":{"east":{"uv":[7.1875,2.5,6.875,2.75],"rotation":0,"texture":"#0","tintindex":0},"south":{"uv":[3.8125,7.0,3.625,7.25],"rotation":0,"texture":"#0","tintindex":0},"north":{"uv":[3.3125,7.0,3.125,7.25],"rotation":0,"texture":"#0","tintindex":0},"west":{"uv":[7.1875,2.25,6.875,2.5],"rotation":0,"texture":"#0","tintindex":0},"up":{"uv":[0.25,7.25,0.4375,6.9375],"rotation":0,"texture":"#0","tintindex":0},"down":{"uv":[7.0,1.6875,7.1875,2.0],"rotation":0,"texture":"#0","tintindex":0}}}],"display":{"head":{"translation":[0.0,-6.4,0.0],"scale":[4.0,4.0,4.0]}}}