{"textures":{"1":"modelengine:entity/viking_1"},"elements":[{"from":[6.5257144,5.4347453,6.843666],"to":[9.474286,6.9090314,9.792238],"rotation":{"angle":22.5,"axis":"x","origin":[8.0,7.8918886,8.563666]},"faces":{"east":{"uv":[6.875,4.375,7.5,4.75],"rotation":0,"texture":"#1","tintindex":0},"south":{"uv":[6.875,4.75,7.5,5.125],"rotation":0,"texture":"#1","tintindex":0},"north":{"uv":[6.875,4.0,7.5,4.375],"rotation":0,"texture":"#1","tintindex":0},"west":{"uv":[6.875,5.125,7.5,5.5],"rotation":0,"texture":"#1","tintindex":0},"up":{"uv":[6.5,6.375,5.875,5.75],"rotation":0,"texture":"#1","tintindex":0},"down":{"uv":[6.75,0.5,6.125,1.125],"rotation":0,"texture":"#1","tintindex":0}}},{"from":[6.5257144,13.335522,5.4155374],"to":[9.474286,14.809808,8.364109],"rotation":{"angle":-22.5,"axis":"x","origin":[8.0,13.581236,6.889823]},"faces":{"east":{"uv":[6.875,2.25,7.5,2.625],"rotation":0,"texture":"#1","tintindex":0},"south":{"uv":[6.875,2.625,7.5,3.0],"rotation":0,"texture":"#1","tintindex":0},"north":{"uv":[6.875,1.875,7.5,2.25],"rotation":0,"texture":"#1","tintindex":0},"west":{"uv":[2.875,6.875,3.5,7.25],"rotation":0,"texture":"#1","tintindex":0},"up":{"uv":[5.875,6.375,5.25,5.75],"rotation":0,"texture":"#1","tintindex":0},"down":{"uv":[3.125,5.875,2.5,6.5],"rotation":0,"texture":"#1","tintindex":0}}},{"from":[5.051429,10.3869505,4.9241085],"to":[10.948571,13.335522,8.364109],"rotation":{"angle":-22.5,"axis":"x","origin":[8.0,13.581236,6.889823]},"faces":{"east":{"uv":[5.375,0.5,6.125,1.125],"rotation":0,"texture":"#1","tintindex":0},"south":{"uv":[1.25,4.625,2.5,5.25],"rotation":0,"texture":"#1","tintindex":0},"north":{"uv":[0.0,4.625,1.25,5.25],"rotation":0,"texture":"#1","tintindex":0},"west":{"uv":[5.375,1.125,6.125,1.75],"rotation":0,"texture":"#1","tintindex":0},"up":{"uv":[5.125,2.75,3.875,2.0],"rotation":0,"texture":"#1","tintindex":0},"down":{"uv":[5.125,2.75,3.875,3.5],"rotation":0,"texture":"#1","tintindex":0}}},{"from":[5.542857,12.352665,4.43268],"to":[10.457143,14.318379,8.855537],"rotation":{"angle":-45.0,"axis":"x","origin":[8.0,13.581236,6.889823]},"faces":{"east":{"uv":[1.75,4.25,2.75,4.625],"rotation":0,"texture":"#1","tintindex":0},"south":{"uv":[4.125,5.75,5.25,6.125],"rotation":0,"texture":"#1","tintindex":0},"north":{"uv":[5.75,4.0,6.875,4.375],"rotation":0,"texture":"#1","tintindex":0},"west":{"uv":[6.25,0.0,7.25,0.375],"rotation":0,"texture":"#1","tintindex":0},"up":{"uv":[2.875,3.25,1.75,2.25],"rotation":0,"texture":"#1","tintindex":0},"down":{"uv":[4.0,0.0,2.875,1.0],"rotation":0,"texture":"#1","tintindex":0}}},{"from":[5.542857,6.2799997,6.0342855],"to":[10.457143,11.194286,9.474286],"rotation":{"angle":0.0,"axis":"y","origin":[8.0,11.440001,8.0]},"faces":{"east":{"uv":[1.0,3.5,1.75,4.625],"rotation":0,"texture":"#1","tintindex":0},"south":{"uv":[1.75,1.125,2.875,2.25],"rotation":0,"texture":"#1","tintindex":0},"north":{"uv":[1.75,0.0,2.875,1.125],"rotation":0,"texture":"#1","tintindex":0},"west":{"uv":[3.875,3.5,4.625,4.625],"rotation":0,"texture":"#1","tintindex":0},"up":{"uv":[5.125,0.75,4.0,0.0],"rotation":0,"texture":"#1","tintindex":0},"down":{"uv":[3.875,4.0,2.75,4.75],"rotation":0,"texture":"#1","tintindex":0}}},{"from":[5.542857,3.822857,6.0342855],"to":[10.457143,6.2799997,6.0342855],"rotation":{"angle":0.0,"axis":"y","origin":[8.0,11.440001,8.0]},"faces":{"east":{"uv":[0.0,0.0,0.0,0.5],"rotation":0,"texture":"#1","tintindex":0},"south":{"uv":[5.125,3.0,6.25,3.5],"rotation":0,"texture":"#1","tintindex":0},"north":{"uv":[5.125,0.0,6.25,0.5],"rotation":0,"texture":"#1","tintindex":0},"west":{"uv":[0.0,0.0,0.0,0.5],"rotation":0,"texture":"#1","tintindex":0},"up":{"uv":[1.125,0.0,0.0,0.0],"rotation":0,"texture":"#1","tintindex":0},"down":{"uv":[1.125,0.0,0.0,0.0],"rotation":0,"texture":"#1","tintindex":0}}}],"display":{"head":{"translation":[0.0,-6.4,0.0],"scale":[4.0,4.0,4.0]}}}