{"textures":{"1":"modelengine:entity/viking_1"},"elements":[{"from":[5.7885714,7.730769,4.9566593],"to":[10.211429,12.153626,9.379517],"rotation":{"angle":0.0,"axis":"y","origin":[8.0,-7.9949455,6.430945]},"faces":{"east":{"uv":[2.875,2.0,3.875,3.0],"rotation":0,"texture":"#1","tintindex":0},"south":{"uv":[2.875,3.0,3.875,4.0],"rotation":0,"texture":"#1","tintindex":0},"north":{"uv":[2.875,1.0,3.875,2.0],"rotation":0,"texture":"#1","tintindex":0},"west":{"uv":[1.75,3.25,2.75,4.25],"rotation":0,"texture":"#1","tintindex":0},"up":{"uv":[1.0,4.5,0.0,3.5],"rotation":0,"texture":"#1","tintindex":0},"down":{"uv":[4.875,1.0,3.875,2.0],"rotation":0,"texture":"#1","tintindex":0}}},{"from":[6.7714286,12.153626,4.9566593],"to":[9.228572,13.136484,10.362373],"rotation":{"angle":0.0,"axis":"y","origin":[8.0,-7.9949455,6.430945]},"faces":{"east":{"uv":[6.25,3.125,7.375,3.375],"rotation":0,"texture":"#1","tintindex":0},"south":{"uv":[0.75,7.875,1.25,8.125],"rotation":0,"texture":"#1","tintindex":0},"north":{"uv":[4.0,0.75,4.5,1.0],"rotation":0,"texture":"#1","tintindex":0},"west":{"uv":[6.875,1.625,8.0,1.875],"rotation":0,"texture":"#1","tintindex":0},"up":{"uv":[3.625,5.875,3.125,4.75],"rotation":0,"texture":"#1","tintindex":0},"down":{"uv":[5.375,0.75,4.875,1.875],"rotation":0,"texture":"#1","tintindex":0}}},{"from":[6.7714286,10.187912,9.379517],"to":[9.228572,12.153626,10.362373],"rotation":{"angle":0.0,"axis":"y","origin":[8.0,-7.9949455,6.430945]},"faces":{"east":{"uv":[2.875,6.5,3.125,6.875],"rotation":0,"texture":"#1","tintindex":0},"south":{"uv":[6.875,7.25,7.375,7.625],"rotation":0,"texture":"#1","tintindex":0},"north":{"uv":[7.25,6.625,7.75,7.0],"rotation":0,"texture":"#1","tintindex":0},"west":{"uv":[6.25,7.375,6.5,7.75],"rotation":0,"texture":"#1","tintindex":0},"up":{"uv":[8.375,1.375,7.875,1.125],"rotation":0,"texture":"#1","tintindex":0},"down":{"uv":[8.375,1.375,7.875,1.625],"rotation":0,"texture":"#1","tintindex":0}}},{"from":[7.262857,8.713626,9.379517],"to":[8.737143,10.187912,10.362373],"rotation":{"angle":0.0,"axis":"y","origin":[8.0,-7.9949455,6.430945]},"faces":{"east":{"uv":[3.875,7.5,4.125,7.875],"rotation":0,"texture":"#1","tintindex":0},"south":{"uv":[7.5,3.5,7.875,3.875],"rotation":0,"texture":"#1","tintindex":0},"north":{"uv":[7.5,2.375,7.875,2.75],"rotation":0,"texture":"#1","tintindex":0},"west":{"uv":[6.25,7.75,6.5,8.125],"rotation":0,"texture":"#1","tintindex":0},"up":{"uv":[4.875,1.0,4.5,0.75],"rotation":0,"texture":"#1","tintindex":0},"down":{"uv":[2.25,7.875,1.875,8.125],"rotation":0,"texture":"#1","tintindex":0}}},{"from":[7.262857,9.205055,4.465231],"to":[8.737143,10.187912,4.9566593],"rotation":{"angle":0.0,"axis":"y","origin":[7.754286,9.942198,4.710945]},"faces":{"east":{"uv":[5.125,0.5,5.25,0.75],"rotation":0,"texture":"#1","tintindex":0},"south":{"uv":[7.875,2.125,8.25,2.375],"rotation":0,"texture":"#1","tintindex":0},"north":{"uv":[7.875,1.875,8.25,2.125],"rotation":0,"texture":"#1","tintindex":0},"west":{"uv":[5.25,0.5,5.375,0.75],"rotation":0,"texture":"#1","tintindex":0},"up":{"uv":[1.0,4.625,0.625,4.5],"rotation":0,"texture":"#1","tintindex":0},"down":{"uv":[5.625,4.5,5.25,4.625],"rotation":0,"texture":"#1","tintindex":0}}},{"from":[5.487775,8.95934,6.468864],"to":[6.470632,10.925055,7.94315],"rotation":{"angle":-22.5,"axis":"y","origin":[5.733489,9.942198,7.206007]},"faces":{"east":{"uv":[7.625,0.375,8.0,0.75],"rotation":0,"texture":"#1","tintindex":0},"south":{"uv":[7.875,2.375,8.125,2.75],"rotation":0,"texture":"#1","tintindex":0},"north":{"uv":[1.25,7.875,1.5,8.25],"rotation":0,"texture":"#1","tintindex":0},"west":{"uv":[7.625,0.75,8.0,1.125],"rotation":0,"texture":"#1","tintindex":0},"up":{"uv":[8.125,3.875,7.875,3.5],"rotation":0,"texture":"#1","tintindex":0},"down":{"uv":[4.125,7.875,3.875,8.25],"rotation":0,"texture":"#1","tintindex":0}}},{"from":[9.529367,8.95934,6.468864],"to":[10.512225,10.925055,7.94315],"rotation":{"angle":22.5,"axis":"y","origin":[10.266511,9.942198,7.206007]},"faces":{"east":{"uv":[3.5,7.75,3.875,8.125],"rotation":0,"texture":"#1","tintindex":0},"south":{"uv":[4.125,7.875,4.375,8.25],"rotation":0,"texture":"#1","tintindex":0},"north":{"uv":[7.875,3.875,8.125,4.25],"rotation":0,"texture":"#1","tintindex":0},"west":{"uv":[4.5,7.75,4.875,8.125],"rotation":0,"texture":"#1","tintindex":0},"up":{"uv":[8.125,4.625,7.875,4.25],"rotation":0,"texture":"#1","tintindex":0},"down":{"uv":[8.125,4.625,7.875,5.0],"rotation":0,"texture":"#1","tintindex":0}}},{"from":[7.017143,7.730769,9.379517],"to":[8.982857,9.205055,10.853803],"rotation":{"angle":-22.5,"axis":"x","origin":[8.0,8.467912,10.116659]},"faces":{"east":{"uv":[7.5,4.25,7.875,4.625],"rotation":0,"texture":"#1","tintindex":0},"south":{"uv":[7.5,4.625,7.875,5.0],"rotation":0,"texture":"#1","tintindex":0},"north":{"uv":[7.5,3.875,7.875,4.25],"rotation":0,"texture":"#1","tintindex":0},"west":{"uv":[7.5,5.0,7.875,5.375],"rotation":0,"texture":"#1","tintindex":0},"up":{"uv":[7.75,7.875,7.375,7.5],"rotation":0,"texture":"#1","tintindex":0},"down":{"uv":[8.0,0.0,7.625,0.375],"rotation":0,"texture":"#1","tintindex":0}}},{"from":[7.017143,6.747912,4.9566593],"to":[8.982857,8.222198,6.430945],"rotation":{"angle":-22.5,"axis":"x","origin":[8.0,7.485055,4.9566593]},"faces":{"east":{"uv":[2.75,7.625,3.125,8.0],"rotation":0,"texture":"#1","tintindex":0},"south":{"uv":[3.125,7.625,3.5,8.0],"rotation":0,"texture":"#1","tintindex":0},"north":{"uv":[1.5,7.625,1.875,8.0],"rotation":0,"texture":"#1","tintindex":0},"west":{"uv":[5.0,7.625,5.375,8.0],"rotation":0,"texture":"#1","tintindex":0},"up":{"uv":[5.75,8.0,5.375,7.625],"rotation":0,"texture":"#1","tintindex":0},"down":{"uv":[8.0,5.375,7.625,5.75],"rotation":0,"texture":"#1","tintindex":0}}}],"display":{"head":{"translation":[0.0,-6.4,0.0],"scale":[4.0,4.0,4.0]}}}