{"textures":{"0":"modelengine:entity/mso_overlord_soulfire","1":"modelengine:entity/mso_overlord_soulfire_e"},"elements":[{"name":"cube","from":[7.050002,0.18999743,7.119998],"to":[9.450003,5.589998,10.119998],"rotation":{"angle":0.0,"axis":"x","origin":[11.550002,0.18999743,2.6199977]},"faces":{"down":{"uv":[5.25,10.25,4.75,10.875],"rotation":0,"texture":"#0","tintindex":0},"east":{"uv":[8.125,1.125,8.75,2.25],"rotation":0,"texture":"#0","tintindex":0},"north":{"uv":[2.875,9.0,3.375,10.125],"rotation":0,"texture":"#0","tintindex":0},"south":{"uv":[3.375,9.0,3.875,10.125],"rotation":0,"texture":"#0","tintindex":0},"up":{"uv":[4.75,10.875,4.25,10.25],"rotation":0,"texture":"#0","tintindex":0},"west":{"uv":[8.125,0.0,8.75,1.125],"rotation":0,"texture":"#0","tintindex":0}}},{"name":"cube","from":[7.050002,7.389998,7.419998],"to":[9.450003,7.989998,9.819998],"rotation":{"angle":0.0,"axis":"x","origin":[11.550002,0.18999743,2.6199977]},"faces":{"down":{"uv":[1.5,11.0,1.0,11.5],"rotation":0,"texture":"#0","tintindex":0},"east":{"uv":[9.875,4.25,10.375,4.375],"rotation":0,"texture":"#0","tintindex":0},"north":{"uv":[8.75,2.125,9.25,2.25],"rotation":0,"texture":"#0","tintindex":0},"south":{"uv":[8.25,5.375,8.75,5.5],"rotation":0,"texture":"#0","tintindex":0},"up":{"uv":[11.375,11.125,10.875,10.625],"rotation":0,"texture":"#0","tintindex":0},"west":{"uv":[8.375,3.75,8.875,3.875],"rotation":0,"texture":"#0","tintindex":0}}},{"name":"cube","from":[6.750002,5.589998,6.819998],"to":[9.750002,7.389998,10.419998],"rotation":{"angle":0.0,"axis":"x","origin":[11.550002,0.18999743,2.6199977]},"faces":{"down":{"uv":[10.375,2.0,9.75,2.75],"rotation":0,"texture":"#0","tintindex":0},"east":{"uv":[10.375,0.0,11.125,0.375],"rotation":0,"texture":"#0","tintindex":0},"north":{"uv":[11.0,8.75,11.625,9.125],"rotation":0,"texture":"#0","tintindex":0},"south":{"uv":[10.875,9.375,11.5,9.75],"rotation":0,"texture":"#0","tintindex":0},"up":{"uv":[10.375,1.375,9.75,0.625],"rotation":0,"texture":"#0","tintindex":0},"west":{"uv":[10.375,0.0,11.125,0.375],"rotation":0,"texture":"#0","tintindex":0}}},{"name":"cube","from":[6.750002,3.7899976,6.819998],"to":[9.750002,4.989998,10.419998],"rotation":{"angle":0.0,"axis":"x","origin":[11.550002,0.18999743,2.6199977]},"faces":{"down":{"uv":[6.75,9.875,6.125,10.625],"rotation":0,"texture":"#0","tintindex":0},"east":{"uv":[11.25,1.625,11.875,1.875],"rotation":0,"texture":"#0","tintindex":0},"north":{"uv":[11.375,2.125,12.0,2.375],"rotation":0,"texture":"#0","tintindex":0},"south":{"uv":[11.25,1.625,11.875,1.875],"rotation":0,"texture":"#0","tintindex":0},"up":{"uv":[10.25,10.5,9.625,9.75],"rotation":0,"texture":"#0","tintindex":0},"west":{"uv":[11.25,1.625,11.875,1.875],"rotation":0,"texture":"#0","tintindex":0}}},{"name":"cube","from":[6.750002,1.9899976,6.819998],"to":[9.750002,3.1899977,10.419998],"rotation":{"angle":0.0,"axis":"x","origin":[11.550002,0.18999743,2.6199977]},"faces":{"down":{"uv":[9.0,9.875,8.375,10.625],"rotation":0,"texture":"#0","tintindex":0},"east":{"uv":[11.25,1.625,11.875,1.875],"rotation":0,"texture":"#0","tintindex":0},"north":{"uv":[11.25,1.625,11.875,1.875],"rotation":0,"texture":"#0","tintindex":0},"south":{"uv":[11.25,1.625,11.875,1.875],"rotation":0,"texture":"#0","tintindex":0},"up":{"uv":[7.375,10.625,6.75,9.875],"rotation":0,"texture":"#0","tintindex":0},"west":{"uv":[11.25,1.625,11.875,1.875],"rotation":0,"texture":"#0","tintindex":0}}}],"display":{"head":{"translation":[0.0,-6.4,0.0],"rotation":[0.0,0.0,0.0],"scale":[3.8095,3.8095,3.8095]}}}