{"textures":{"0":"modelengine:entity/mso_overlord_soulfire"},"elements":[{"name":"cube","from":[7.8641553,6.03499,-14.156428],"to":[8.464155,9.634991,3.8435724],"rotation":{"angle":0.0,"axis":"x","origin":[8.464155,-3.5650105,2.043572]},"faces":{"down":{"uv":[7.875,9.875,7.75,13.625],"rotation":0,"texture":"#0","tintindex":0},"east":{"uv":[0.0,0.0,3.75,0.75],"rotation":0,"texture":"#0","tintindex":0},"north":{"uv":[7.125,3.875,7.25,4.625],"rotation":0,"texture":"#0","tintindex":0},"south":{"uv":[7.875,8.125,8.0,8.875],"rotation":0,"texture":"#0","tintindex":0},"up":{"uv":[2.875,13.625,2.75,9.875],"rotation":0,"texture":"#0","tintindex":0},"west":{"uv":[3.75,0.0,0.0,0.75],"rotation":0,"texture":"#0","tintindex":0}}},{"name":"cube","from":[7.8041553,6.5749903,-15.416429],"to":[8.524156,9.09499,-12.89643],"rotation":{"angle":45.0,"axis":"x","origin":[8.164155,7.83499,-14.156428]},"faces":{"down":{"uv":[7.5,11.75,7.375,12.25],"rotation":0,"texture":"#0","tintindex":0},"east":{"uv":[11.0,2.75,11.5,3.25],"rotation":0,"texture":"#0","tintindex":0},"north":{"uv":[5.625,7.75,5.75,8.25],"rotation":0,"texture":"#0","tintindex":0},"south":{"uv":[7.25,10.625,7.375,11.125],"rotation":0,"texture":"#0","tintindex":0},"up":{"uv":[7.375,11.125,7.25,10.625],"rotation":0,"texture":"#0","tintindex":0},"west":{"uv":[11.5,2.75,11.0,3.25],"rotation":0,"texture":"#0","tintindex":0}}},{"name":"cube","from":[7.2641554,5.43499,3.8435724],"to":[9.064156,10.23499,5.6435723],"rotation":{"angle":0.0,"axis":"x","origin":[8.464155,-3.5650105,2.043572]},"faces":{"down":{"uv":[7.125,7.5,6.75,7.875],"rotation":0,"texture":"#0","tintindex":0},"east":{"uv":[3.875,10.0,4.25,11.0],"rotation":0,"texture":"#0","tintindex":0},"north":{"uv":[9.0,9.875,9.375,10.875],"rotation":0,"texture":"#0","tintindex":0},"south":{"uv":[7.875,10.0,8.25,11.0],"rotation":0,"texture":"#0","tintindex":0},"up":{"uv":[6.125,7.5,5.75,7.125],"rotation":0,"texture":"#0","tintindex":0},"west":{"uv":[3.875,10.0,4.25,11.0],"rotation":0,"texture":"#0","tintindex":0}}},{"name":"cube","from":[6.964155,6.6349897,10.443573],"to":[9.364155,9.03499,12.843573],"rotation":{"angle":0.0,"axis":"x","origin":[8.164155,-3.5650105,8.643572]},"faces":{"down":{"uv":[9.25,11.0,9.75,11.5],"rotation":0,"texture":"#0","tintindex":0},"east":{"uv":[9.25,11.0,9.75,11.5],"rotation":0,"texture":"#0","tintindex":0},"north":{"uv":[3.375,11.0,3.875,11.5],"rotation":0,"texture":"#0","tintindex":0},"south":{"uv":[9.25,11.0,9.75,11.5],"rotation":0,"texture":"#0","tintindex":0},"up":{"uv":[9.25,11.0,9.75,11.5],"rotation":0,"texture":"#0","tintindex":0},"west":{"uv":[9.25,11.0,9.75,11.5],"rotation":0,"texture":"#0","tintindex":0}}},{"name":"cube","from":[6.964155,6.8749905,2.7335725],"to":[9.364155,8.674991,4.533572],"rotation":{"angle":-45.0,"axis":"x","origin":[7.8641553,8.074991,3.6335723]},"faces":{"down":{"uv":[11.875,0.375,11.375,0.75],"rotation":0,"texture":"#0","tintindex":0},"east":{"uv":[8.375,9.0,8.75,9.375],"rotation":0,"texture":"#0","tintindex":0},"north":{"uv":[8.125,11.125,8.625,11.5],"rotation":0,"texture":"#0","tintindex":0},"south":{"uv":[11.25,8.0,11.75,8.375],"rotation":0,"texture":"#0","tintindex":0},"up":{"uv":[11.75,11.5,11.25,11.125],"rotation":0,"texture":"#0","tintindex":0},"west":{"uv":[8.75,9.0,8.375,9.375],"rotation":0,"texture":"#0","tintindex":0}}},{"name":"cube","from":[7.2641554,6.93499,5.6435723],"to":[9.064156,8.73499,11.643573],"rotation":{"angle":0.0,"axis":"x","origin":[8.464155,-3.5650105,2.043572]},"faces":{"down":{"uv":[2.75,9.875,2.375,11.125],"rotation":0,"texture":"#0","tintindex":0},"east":{"uv":[9.625,5.0,10.875,5.375],"rotation":0,"texture":"#0","tintindex":0},"north":{"uv":[3.875,6.0,4.25,6.375],"rotation":0,"texture":"#0","tintindex":0},"south":{"uv":[5.75,6.75,6.125,7.125],"rotation":0,"texture":"#0","tintindex":0},"up":{"uv":[2.75,11.125,2.375,9.875],"rotation":0,"texture":"#0","tintindex":0},"west":{"uv":[10.875,5.0,9.625,5.375],"rotation":0,"texture":"#0","tintindex":0}}}],"display":{"head":{"translation":[0.0,-6.4,0.0],"rotation":[0.0,0.0,0.0],"scale":[3.8095,3.8095,3.8095]}}}