{"textures":{"0":"modelengine:entity/mso_overlord","1":"modelengine:entity/mso_overlord_e"},"elements":[{"name":"cube","from":[7.67273,2.8727307,6.909092],"to":[10.07273,5.272731,9.309092],"rotation":{"angle":0.0,"axis":"x","origin":[8.57273,-15.727269,2.1090918]},"faces":{"down":{"uv":[11.375,1.875,10.875,2.375],"rotation":0,"texture":"#0","tintindex":0},"east":{"uv":[10.75,1.375,11.25,1.875],"rotation":0,"texture":"#0","tintindex":0},"north":{"uv":[10.375,10.625,10.875,11.125],"rotation":0,"texture":"#0","tintindex":0},"south":{"uv":[10.75,8.0,11.25,8.5],"rotation":0,"texture":"#0","tintindex":0},"up":{"uv":[11.375,1.375,10.875,0.875],"rotation":0,"texture":"#0","tintindex":0},"west":{"uv":[10.875,0.375,11.375,0.875],"rotation":0,"texture":"#0","tintindex":0}}},{"name":"cube","from":[6.77273,5.872731,5.709092],"to":[10.972731,9.472731,10.509092],"rotation":{"angle":0.0,"axis":"x","origin":[8.57273,-15.727269,2.1090918]},"faces":{"down":{"uv":[2.75,6.375,1.875,7.375],"rotation":0,"texture":"#0","tintindex":0},"east":{"uv":[8.0,6.5,9.0,7.25],"rotation":0,"texture":"#0","tintindex":0},"north":{"uv":[8.375,2.25,9.25,3.0],"rotation":0,"texture":"#0","tintindex":0},"south":{"uv":[8.375,3.0,9.25,3.75],"rotation":0,"texture":"#0","tintindex":0},"up":{"uv":[1.875,7.375,1.0,6.375],"rotation":0,"texture":"#0","tintindex":0},"west":{"uv":[8.0,7.25,9.0,8.0],"rotation":0,"texture":"#0","tintindex":0}}},{"name":"cube","from":[6.4727297,5.272731,5.409092],"to":[11.27273,6.4727306,10.809092],"rotation":{"angle":0.0,"axis":"x","origin":[8.57273,-15.727269,2.1090918]},"faces":{"down":{"uv":[3.0,4.25,2.0,5.375],"rotation":0,"texture":"#0","tintindex":0},"east":{"uv":[10.25,9.75,11.375,10.0],"rotation":0,"texture":"#0","tintindex":0},"north":{"uv":[10.875,5.0,11.875,5.25],"rotation":0,"texture":"#0","tintindex":0},"south":{"uv":[10.875,9.125,11.875,9.375],"rotation":0,"texture":"#0","tintindex":0},"up":{"uv":[2.0,5.375,1.0,4.25],"rotation":0,"texture":"#0","tintindex":0},"west":{"uv":[10.25,10.0,11.375,10.25],"rotation":0,"texture":"#0","tintindex":0}}},{"name":"cube","from":[6.77273,9.472731,10.509092],"to":[10.972731,13.672731,10.509092],"rotation":{"angle":0.0,"axis":"x","origin":[8.57273,-15.727269,2.1090918]},"faces":{"down":{"uv":[0.875,0.0,0.0,0.0],"rotation":0,"texture":"#0","tintindex":0},"east":{"uv":[0.0,0.0,0.0,0.875],"rotation":0,"texture":"#0","tintindex":0},"north":{"uv":[7.25,0.875,8.125,1.75],"rotation":0,"texture":"#0","tintindex":0},"south":{"uv":[7.25,1.75,8.125,2.625],"rotation":0,"texture":"#0","tintindex":0},"up":{"uv":[0.875,0.0,0.0,0.0],"rotation":0,"texture":"#0","tintindex":0},"west":{"uv":[0.0,0.0,0.0,0.875],"rotation":0,"texture":"#0","tintindex":0}}},{"name":"cube","from":[10.972731,9.472731,5.709092],"to":[10.972731,13.672731,10.509092],"rotation":{"angle":0.0,"axis":"x","origin":[8.57273,-15.727269,2.1090918]},"faces":{"down":{"uv":[0.0,0.0,0.0,1.0],"rotation":0,"texture":"#0","tintindex":0},"east":{"uv":[3.875,6.625,4.875,7.5],"rotation":0,"texture":"#0","tintindex":0},"north":{"uv":[0.0,0.0,0.0,0.875],"rotation":0,"texture":"#0","tintindex":0},"south":{"uv":[0.0,0.0,0.0,0.875],"rotation":0,"texture":"#0","tintindex":0},"up":{"uv":[0.0,1.0,0.0,0.0],"rotation":0,"texture":"#0","tintindex":0},"west":{"uv":[6.125,6.625,7.125,7.5],"rotation":0,"texture":"#0","tintindex":0}}},{"name":"cube","from":[6.77273,9.472731,5.709092],"to":[10.972731,13.672731,5.709092],"rotation":{"angle":0.0,"axis":"x","origin":[8.57273,-15.727269,2.1090918]},"faces":{"down":{"uv":[0.875,0.0,0.0,0.0],"rotation":0,"texture":"#0","tintindex":0},"east":{"uv":[0.0,0.0,0.0,0.875],"rotation":0,"texture":"#0","tintindex":0},"north":{"uv":[7.25,3.875,8.125,4.75],"rotation":0,"texture":"#0","tintindex":0},"south":{"uv":[7.125,7.25,8.0,8.125],"rotation":0,"texture":"#0","tintindex":0},"up":{"uv":[0.875,0.0,0.0,0.0],"rotation":0,"texture":"#0","tintindex":0},"west":{"uv":[0.0,0.0,0.0,0.875],"rotation":0,"texture":"#0","tintindex":0}}},{"name":"cube","from":[7.9667296,6.466731,6.303092],"to":[12.17873,11.278731,9.915092],"rotation":{"angle":0.0,"axis":"x","origin":[8.57273,-15.727269,2.1090918]},"faces":{"down":{"uv":[9.625,0.0,8.75,0.75],"rotation":0,"texture":"#0","tintindex":0},"east":{"uv":[8.0,8.0,8.75,9.0],"rotation":0,"texture":"#0","tintindex":0},"north":{"uv":[4.875,6.75,5.75,7.75],"rotation":0,"texture":"#0","tintindex":0},"south":{"uv":[2.75,7.0,3.625,8.0],"rotation":0,"texture":"#0","tintindex":0},"up":{"uv":[5.375,9.25,4.5,8.5],"rotation":0,"texture":"#0","tintindex":0},"west":{"uv":[0.0,8.125,0.75,9.125],"rotation":0,"texture":"#0","tintindex":0}}}],"display":{"head":{"translation":[0.0,-6.4,0.0],"rotation":[0.0,0.0,0.0],"scale":[3.8095,3.8095,3.8095]}}}