{"textures":{"0":"modelengine:entity/mso_overlord","1":"modelengine:entity/mso_overlord_e"},"elements":[{"name":"cube","from":[7.864154,6.0349874,-14.156428],"to":[8.464154,9.634988,3.8435717],"rotation":{"angle":0.0,"axis":"x","origin":[8.464154,-3.565013,2.043572]},"faces":{"down":{"uv":[7.875,9.875,7.75,13.625],"rotation":0,"texture":"#0","tintindex":0},"east":{"uv":[0.0,0.0,3.75,0.75],"rotation":0,"texture":"#0","tintindex":0},"north":{"uv":[7.125,3.875,7.25,4.625],"rotation":0,"texture":"#0","tintindex":0},"south":{"uv":[7.875,8.125,8.0,8.875],"rotation":0,"texture":"#0","tintindex":0},"up":{"uv":[2.875,13.625,2.75,9.875],"rotation":0,"texture":"#0","tintindex":0},"west":{"uv":[3.75,0.0,0.0,0.75],"rotation":0,"texture":"#0","tintindex":0}}},{"name":"cube","from":[7.804154,6.5749874,-15.416429],"to":[8.524155,9.094988,-12.89643],"rotation":{"angle":45.0,"axis":"x","origin":[8.164154,7.8349876,-14.156428]},"faces":{"down":{"uv":[7.5,11.75,7.375,12.25],"rotation":0,"texture":"#0","tintindex":0},"east":{"uv":[11.0,2.75,11.5,3.25],"rotation":0,"texture":"#0","tintindex":0},"north":{"uv":[5.625,7.75,5.75,8.25],"rotation":0,"texture":"#0","tintindex":0},"south":{"uv":[7.25,10.625,7.375,11.125],"rotation":0,"texture":"#0","tintindex":0},"up":{"uv":[7.375,11.125,7.25,10.625],"rotation":0,"texture":"#0","tintindex":0},"west":{"uv":[11.5,2.75,11.0,3.25],"rotation":0,"texture":"#0","tintindex":0}}},{"name":"cube","from":[7.264154,5.4349875,3.8435717],"to":[9.064154,10.234987,5.643572],"rotation":{"angle":0.0,"axis":"x","origin":[8.464154,-3.565013,2.043572]},"faces":{"down":{"uv":[7.125,7.5,6.75,7.875],"rotation":0,"texture":"#0","tintindex":0},"east":{"uv":[3.875,10.0,4.25,11.0],"rotation":0,"texture":"#0","tintindex":0},"north":{"uv":[9.0,9.875,9.375,10.875],"rotation":0,"texture":"#0","tintindex":0},"south":{"uv":[7.875,10.0,8.25,11.0],"rotation":0,"texture":"#0","tintindex":0},"up":{"uv":[6.125,7.5,5.75,7.125],"rotation":0,"texture":"#0","tintindex":0},"west":{"uv":[3.875,10.0,4.25,11.0],"rotation":0,"texture":"#0","tintindex":0}}},{"name":"cube","from":[6.9641542,6.634988,10.443573],"to":[9.364155,9.034987,12.843573],"rotation":{"angle":0.0,"axis":"x","origin":[8.164154,-3.565013,8.643572]},"faces":{"down":{"uv":[9.25,11.0,9.75,11.5],"rotation":0,"texture":"#0","tintindex":0},"east":{"uv":[9.25,11.0,9.75,11.5],"rotation":0,"texture":"#0","tintindex":0},"north":{"uv":[3.375,11.0,3.875,11.5],"rotation":0,"texture":"#0","tintindex":0},"south":{"uv":[9.25,11.0,9.75,11.5],"rotation":0,"texture":"#0","tintindex":0},"up":{"uv":[9.25,11.0,9.75,11.5],"rotation":0,"texture":"#0","tintindex":0},"west":{"uv":[9.25,11.0,9.75,11.5],"rotation":0,"texture":"#0","tintindex":0}}},{"name":"cube","from":[6.9641542,6.8749886,2.7335718],"to":[9.364155,8.674989,4.5335717],"rotation":{"angle":-45.0,"axis":"x","origin":[7.864154,8.074988,3.6335719]},"faces":{"down":{"uv":[11.875,0.375,11.375,0.75],"rotation":0,"texture":"#0","tintindex":0},"east":{"uv":[8.375,9.0,8.75,9.375],"rotation":0,"texture":"#0","tintindex":0},"north":{"uv":[8.125,11.125,8.625,11.5],"rotation":0,"texture":"#0","tintindex":0},"south":{"uv":[11.25,8.0,11.75,8.375],"rotation":0,"texture":"#0","tintindex":0},"up":{"uv":[11.75,11.5,11.25,11.125],"rotation":0,"texture":"#0","tintindex":0},"west":{"uv":[8.75,9.0,8.375,9.375],"rotation":0,"texture":"#0","tintindex":0}}},{"name":"cube","from":[7.264154,6.9349875,5.643572],"to":[9.064154,8.734987,11.643573],"rotation":{"angle":0.0,"axis":"x","origin":[8.464154,-3.565013,2.043572]},"faces":{"down":{"uv":[2.75,9.875,2.375,11.125],"rotation":0,"texture":"#0","tintindex":0},"east":{"uv":[9.625,5.0,10.875,5.375],"rotation":0,"texture":"#0","tintindex":0},"north":{"uv":[3.875,6.0,4.25,6.375],"rotation":0,"texture":"#0","tintindex":0},"south":{"uv":[5.75,6.75,6.125,7.125],"rotation":0,"texture":"#0","tintindex":0},"up":{"uv":[2.75,11.125,2.375,9.875],"rotation":0,"texture":"#0","tintindex":0},"west":{"uv":[10.875,5.0,9.625,5.375],"rotation":0,"texture":"#0","tintindex":0}}}],"display":{"head":{"translation":[0.0,-6.4,0.0],"rotation":[0.0,0.0,0.0],"scale":[3.8095,3.8095,3.8095]}}}