{"textures":{"0":"modelengine:entity/ecnpcs_demon_warrior"},"elements":[{"from":[5.714286,2.0815,6.285714],"to":[10.285714,4.3672147,9.714286],"rotation":{"angle":0.0,"axis":"y","origin":[8.0,-6.489929,8.0]},"faces":{"east":{"uv":[12.375,2.25,12.75,2.75],"rotation":0,"texture":"#0","tintindex":0},"south":{"uv":[11.6875,2.75,12.1875,3.25],"rotation":0,"texture":"#0","tintindex":0},"north":{"uv":[9.625,2.25,10.125,2.75],"rotation":0,"texture":"#0","tintindex":0},"west":{"uv":[10.75,8.75,11.125,9.25],"rotation":0,"texture":"#0","tintindex":0},"up":{"uv":[10.75,6.875,10.25,6.125],"rotation":0,"texture":"#0","tintindex":0},"down":{"uv":[11.25,6.125,10.75,6.875],"rotation":0,"texture":"#0","tintindex":0}}},{"from":[5.714286,-1.3470716,6.285714],"to":[10.285714,2.0815,6.857143],"rotation":{"angle":22.5,"axis":"x","origin":[8.0,3.2243576,8.0]},"faces":{"east":{"uv":[8.0,10.75,8.0625,11.5],"rotation":0,"texture":"#0","tintindex":0},"south":{"uv":[9.1875,6.375,9.6875,7.125],"rotation":0,"texture":"#0","tintindex":0},"north":{"uv":[11.1875,1.75,11.6875,2.5],"rotation":0,"texture":"#0","tintindex":0},"west":{"uv":[8.0625,10.75,8.125,11.5],"rotation":0,"texture":"#0","tintindex":0},"up":{"uv":[13.625,10.25,13.125,10.125],"rotation":0,"texture":"#0","tintindex":0},"down":{"uv":[13.6875,3.375,13.1875,3.5],"rotation":0,"texture":"#0","tintindex":0}}},{"from":[5.714286,-1.3470716,9.142858],"to":[10.285714,2.0815,9.714286],"rotation":{"angle":-22.5,"axis":"x","origin":[8.0,3.2243576,8.0]},"faces":{"east":{"uv":[8.125,10.75,8.1875,11.5],"rotation":0,"texture":"#0","tintindex":0},"south":{"uv":[9.6875,6.375,10.1875,7.125],"rotation":0,"texture":"#0","tintindex":0},"north":{"uv":[11.1875,2.5,11.6875,3.25],"rotation":0,"texture":"#0","tintindex":0},"west":{"uv":[8.1875,10.75,8.25,11.5],"rotation":0,"texture":"#0","tintindex":0},"up":{"uv":[13.6875,5.625,13.1875,5.5],"rotation":0,"texture":"#0","tintindex":0},"down":{"uv":[13.75,1.875,13.25,2.0],"rotation":0,"texture":"#0","tintindex":0}}},{"from":[9.142858,3.338643,6.0],"to":[13.714286,5.052929,10.0],"rotation":{"angle":-45.0,"axis":"z","origin":[8.0,3.9100714,8.0]},"faces":{"east":{"uv":[12.4375,8.375,12.875,8.75],"rotation":0,"texture":"#0","tintindex":0},"south":{"uv":[11.375,8.75,11.875,9.125],"rotation":0,"texture":"#0","tintindex":0},"north":{"uv":[12.3125,6.25,12.8125,6.625],"rotation":0,"texture":"#0","tintindex":0},"west":{"uv":[12.5625,5.125,13.0,5.5],"rotation":0,"texture":"#0","tintindex":0},"up":{"uv":[11.0,1.125,10.5,0.25],"rotation":0,"texture":"#0","tintindex":0},"down":{"uv":[11.0,3.5,10.5,4.375],"rotation":0,"texture":"#0","tintindex":0}}},{"from":[14.171429,3.9672146,6.5714283],"to":[15.314286,4.538643,9.428572],"rotation":{"angle":-45.0,"axis":"z","origin":[8.0,4.538643,8.0]},"faces":{"east":{"uv":[13.3125,10.375,13.625,10.5],"rotation":0,"texture":"#0","tintindex":0},"south":{"uv":[10.8125,7.625,10.9375,7.75],"rotation":0,"texture":"#0","tintindex":0},"north":{"uv":[10.5,1.125,10.625,1.25],"rotation":0,"texture":"#0","tintindex":0},"west":{"uv":[13.375,1.375,13.6875,1.5],"rotation":0,"texture":"#0","tintindex":0},"up":{"uv":[13.25,2.875,13.125,2.25],"rotation":0,"texture":"#0","tintindex":0},"down":{"uv":[9.375,10.25,9.25,10.875],"rotation":0,"texture":"#0","tintindex":0}}},{"from":[0.68571377,3.9672146,6.5714283],"to":[1.8285708,4.538643,9.428572],"rotation":{"angle":45.0,"axis":"z","origin":[8.0,4.538643,8.0]},"faces":{"east":{"uv":[9.625,10.75,9.9375,10.875],"rotation":0,"texture":"#0","tintindex":0},"south":{"uv":[11.125,7.875,11.25,8.0],"rotation":0,"texture":"#0","tintindex":0},"north":{"uv":[10.8125,7.75,10.9375,7.875],"rotation":0,"texture":"#0","tintindex":0},"west":{"uv":[9.9375,10.75,10.25,10.875],"rotation":0,"texture":"#0","tintindex":0},"up":{"uv":[13.25,4.625,13.125,4.0],"rotation":0,"texture":"#0","tintindex":0},"down":{"uv":[10.4375,10.25,10.3125,10.875],"rotation":0,"texture":"#0","tintindex":0}}},{"from":[2.2857141,3.338643,6.0],"to":[6.857143,5.052929,10.0],"rotation":{"angle":45.0,"axis":"z","origin":[8.0,3.9100714,8.0]},"faces":{"east":{"uv":[12.5625,5.5,13.0,5.875],"rotation":0,"texture":"#0","tintindex":0},"south":{"uv":[12.375,8.75,12.875,9.125],"rotation":0,"texture":"#0","tintindex":0},"north":{"uv":[11.875,8.75,12.375,9.125],"rotation":0,"texture":"#0","tintindex":0},"west":{"uv":[12.5625,5.875,13.0,6.25],"rotation":0,"texture":"#0","tintindex":0},"up":{"uv":[11.0,5.25,10.5,4.375],"rotation":0,"texture":"#0","tintindex":0},"down":{"uv":[8.75,5.25,8.25,6.125],"rotation":0,"texture":"#0","tintindex":0}}}],"display":{"head":{"translation":[0.0,-6.4,0.0],"scale":[4.0,4.0,4.0]}}}