{"textures":{"0":"modelengine:entity/ecnpcs_demon_warrior"},"elements":[{"from":[6.857143,6.17593,7.8063846],"to":[9.142858,9.604502,9.52067],"rotation":{"angle":-45.0,"axis":"x","origin":[8.285714,8.97593,9.9206705]},"faces":{"east":{"uv":[12.75,2.0,12.9375,2.75],"rotation":0,"texture":"#0","tintindex":0},"south":{"uv":[10.0,8.875,10.25,9.625],"rotation":0,"texture":"#0","tintindex":0},"north":{"uv":[8.25,8.875,8.5,9.625],"rotation":0,"texture":"#0","tintindex":0},"west":{"uv":[9.25,9.5,9.4375,10.25],"rotation":0,"texture":"#0","tintindex":0},"up":{"uv":[13.125,4.875,12.875,4.5],"rotation":0,"texture":"#0","tintindex":0},"down":{"uv":[13.1875,3.125,12.9375,3.5],"rotation":0,"texture":"#0","tintindex":0}}},{"from":[7.142857,4.3473587,10.377813],"to":[8.857143,6.633073,12.092098],"rotation":{"angle":22.5,"axis":"x","origin":[8.285714,8.97593,10.206385]},"faces":{"east":{"uv":[9.6875,9.875,9.875,10.375],"rotation":0,"texture":"#0","tintindex":0},"south":{"uv":[10.6875,9.875,10.875,10.375],"rotation":0,"texture":"#0","tintindex":0},"north":{"uv":[9.1875,5.875,9.375,6.375],"rotation":0,"texture":"#0","tintindex":0},"west":{"uv":[12.9375,6.625,13.125,7.125],"rotation":0,"texture":"#0","tintindex":0},"up":{"uv":[12.3125,5.75,12.125,5.375],"rotation":0,"texture":"#0","tintindex":0},"down":{"uv":[8.1875,10.375,8.0,10.75],"rotation":0,"texture":"#0","tintindex":0}}},{"from":[6.857143,3.8902154,8.149241],"to":[9.142858,5.0330725,9.863527],"rotation":{"angle":0.0,"axis":"y","origin":[8.285714,4.461644,8.377813]},"faces":{"east":{"uv":[12.5,7.375,12.6875,7.625],"rotation":0,"texture":"#0","tintindex":0},"south":{"uv":[8.25,5.0,8.5,5.25],"rotation":0,"texture":"#0","tintindex":0},"north":{"uv":[8.5,4.0,8.75,4.25],"rotation":0,"texture":"#0","tintindex":0},"west":{"uv":[13.375,0.375,13.5625,0.625],"rotation":0,"texture":"#0","tintindex":0},"up":{"uv":[13.1875,7.5,12.9375,7.125],"rotation":0,"texture":"#0","tintindex":0},"down":{"uv":[13.1875,7.5,12.9375,7.875],"rotation":0,"texture":"#0","tintindex":0}}}],"display":{"head":{"translation":[0.0,-6.4,0.0],"scale":[4.0,4.0,4.0]}}}