{"textures":{"0":"modelengine:entity/ecnpcs_demon_warrior"},"elements":[{"from":[6.857143,6.17593,7.7492414],"to":[9.142858,9.604502,9.463528],"rotation":{"angle":-45.0,"axis":"x","origin":[7.714286,8.97593,9.863527]},"faces":{"east":{"uv":[12.75,2.75,12.9375,3.5],"rotation":0,"texture":"#0","tintindex":0},"south":{"uv":[12.4375,7.625,12.6875,8.375],"rotation":0,"texture":"#0","tintindex":0},"north":{"uv":[10.25,8.875,10.5,9.625],"rotation":0,"texture":"#0","tintindex":0},"west":{"uv":[10.5,9.5,10.6875,10.25],"rotation":0,"texture":"#0","tintindex":0},"up":{"uv":[13.125,10.25,12.875,9.875],"rotation":0,"texture":"#0","tintindex":0},"down":{"uv":[13.25,0.0,13.0,0.375],"rotation":0,"texture":"#0","tintindex":0}}},{"from":[6.857143,3.8902154,8.092098],"to":[9.142858,5.0330725,9.806384],"rotation":{"angle":0.0,"axis":"y","origin":[7.714286,4.461644,8.32067]},"faces":{"east":{"uv":[13.375,0.625,13.5625,0.875],"rotation":0,"texture":"#0","tintindex":0},"south":{"uv":[12.0,6.625,12.25,6.875],"rotation":0,"texture":"#0","tintindex":0},"north":{"uv":[11.8125,1.0,12.0625,1.25],"rotation":0,"texture":"#0","tintindex":0},"west":{"uv":[13.375,0.875,13.5625,1.125],"rotation":0,"texture":"#0","tintindex":0},"up":{"uv":[13.25,6.0,13.0,5.625],"rotation":0,"texture":"#0","tintindex":0},"down":{"uv":[9.25,10.125,9.0,10.5],"rotation":0,"texture":"#0","tintindex":0}}},{"from":[7.142857,4.3473587,10.32067],"to":[8.857143,6.633073,12.034956],"rotation":{"angle":22.5,"axis":"x","origin":[7.714286,8.97593,10.149241]},"faces":{"east":{"uv":[8.625,10.0,8.8125,10.5],"rotation":0,"texture":"#0","tintindex":0},"south":{"uv":[8.8125,10.0,9.0,10.5],"rotation":0,"texture":"#0","tintindex":0},"north":{"uv":[8.4375,10.0,8.625,10.5],"rotation":0,"texture":"#0","tintindex":0},"west":{"uv":[13.0,5.125,13.1875,5.625],"rotation":0,"texture":"#0","tintindex":0},"up":{"uv":[9.875,10.75,9.6875,10.375],"rotation":0,"texture":"#0","tintindex":0},"down":{"uv":[13.375,5.125,13.1875,5.5],"rotation":0,"texture":"#0","tintindex":0}}}],"display":{"head":{"translation":[0.0,-6.4,0.0],"scale":[4.0,4.0,4.0]}}}