{"textures":{"0":"modelengine:entity/ecnpcs_demon_warrior"},"elements":[{"from":[6.5714283,4.0,5.8285713],"to":[9.428572,8.0,8.457143],"rotation":{"angle":0.0,"axis":"y","origin":[6.285714,-2.8571434,6.857143]},"faces":{"east":{"uv":[8.5625,7.75,8.875,8.625],"rotation":0,"texture":"#0","tintindex":0},"south":{"uv":[8.875,7.875,9.1875,8.75],"rotation":0,"texture":"#0","tintindex":0},"north":{"uv":[10.5,7.625,10.8125,8.5],"rotation":0,"texture":"#0","tintindex":0},"west":{"uv":[9.1875,7.875,9.5,8.75],"rotation":0,"texture":"#0","tintindex":0},"up":{"uv":[12.5625,4.375,12.25,3.75],"rotation":0,"texture":"#0","tintindex":0},"down":{"uv":[12.6875,1.0,12.375,1.625],"rotation":0,"texture":"#0","tintindex":0}}},{"from":[6.0,6.857143,5.2571425],"to":[10.0,7.428571,9.028571],"rotation":{"angle":0.0,"axis":"y","origin":[6.285714,-2.8571434,6.857143]},"faces":{"east":{"uv":[13.25,5.875,13.6875,6.0],"rotation":0,"texture":"#0","tintindex":0},"south":{"uv":[12.25,10.5,12.6875,10.625],"rotation":0,"texture":"#0","tintindex":0},"north":{"uv":[13.25,4.5,13.6875,4.625],"rotation":0,"texture":"#0","tintindex":0},"west":{"uv":[12.6875,10.5,13.125,10.625],"rotation":0,"texture":"#0","tintindex":0},"up":{"uv":[10.9375,6.125,10.5,5.25],"rotation":0,"texture":"#0","tintindex":0},"down":{"uv":[11.1875,1.75,10.75,2.625],"rotation":0,"texture":"#0","tintindex":0}}},{"from":[6.0,4.5714283,5.2571425],"to":[10.0,5.142857,9.028571],"rotation":{"angle":0.0,"axis":"y","origin":[6.285714,-2.8571434,6.857143]},"faces":{"east":{"uv":[13.3125,3.5,13.75,3.625],"rotation":0,"texture":"#0","tintindex":0},"south":{"uv":[13.3125,3.625,13.75,3.75],"rotation":0,"texture":"#0","tintindex":0},"north":{"uv":[13.125,10.5,13.5625,10.625],"rotation":0,"texture":"#0","tintindex":0},"west":{"uv":[13.3125,3.75,13.75,3.875],"rotation":0,"texture":"#0","tintindex":0},"up":{"uv":[9.8125,6.375,9.375,5.5],"rotation":0,"texture":"#0","tintindex":0},"down":{"uv":[10.25,5.5,9.8125,6.375],"rotation":0,"texture":"#0","tintindex":0}}},{"from":[7.2,2.742857,6.285714],"to":[9.485714,4.457143,8.0],"rotation":{"angle":22.5,"axis":"z","origin":[8.285714,3.3142858,7.142857]},"faces":{"east":{"uv":[13.1875,7.125,13.375,7.5],"rotation":0,"texture":"#0","tintindex":0},"south":{"uv":[11.125,10.125,11.375,10.5],"rotation":0,"texture":"#0","tintindex":0},"north":{"uv":[13.0625,6.0,13.3125,6.375],"rotation":0,"texture":"#0","tintindex":0},"west":{"uv":[13.1875,7.5,13.375,7.875],"rotation":0,"texture":"#0","tintindex":0},"up":{"uv":[11.625,10.5,11.375,10.125],"rotation":0,"texture":"#0","tintindex":0},"down":{"uv":[11.875,10.125,11.625,10.5],"rotation":0,"texture":"#0","tintindex":0}}}],"display":{"head":{"translation":[0.0,-6.4,0.0],"scale":[4.0,4.0,4.0]}}}