{"textures":{"0":"modelengine:entity/ecnpcs_demon_warrior"},"elements":[{"from":[6.2856393,6.0428424,-7.6214294],"to":[9.7142105,9.471414,-0.76428604],"rotation":{"angle":22.5,"axis":"z","origin":[7.999925,7.757128,7.635714]},"faces":{"east":{"uv":[8.875,2.0,9.625,2.75],"rotation":0,"texture":"#0","tintindex":0},"south":{"uv":[11.625,6.125,12.0,6.875],"rotation":0,"texture":"#0","tintindex":0},"north":{"uv":[11.5625,7.125,11.9375,7.875],"rotation":0,"texture":"#0","tintindex":0},"west":{"uv":[8.0,2.5,8.75,3.25],"rotation":0,"texture":"#0","tintindex":0},"up":{"uv":[9.125,4.25,8.75,2.75],"rotation":0,"texture":"#0","tintindex":0},"down":{"uv":[9.5,2.75,9.125,4.25],"rotation":0,"texture":"#0","tintindex":0}}},{"from":[5.714211,5.4714136,-2.478572],"to":[10.28564,10.042843,-1.3357143],"rotation":{"angle":22.5,"axis":"z","origin":[7.999925,7.757128,7.635714]},"faces":{"east":{"uv":[8.3125,9.625,8.4375,10.625],"rotation":0,"texture":"#0","tintindex":0},"south":{"uv":[9.5,3.5,10.0,4.5],"rotation":0,"texture":"#0","tintindex":0},"north":{"uv":[9.625,1.25,10.125,2.25],"rotation":0,"texture":"#0","tintindex":0},"west":{"uv":[9.9375,9.625,10.0625,10.625],"rotation":0,"texture":"#0","tintindex":0},"up":{"uv":[13.125,5.125,12.625,4.875],"rotation":0,"texture":"#0","tintindex":0},"down":{"uv":[13.1875,8.0,12.6875,8.25],"rotation":0,"texture":"#0","tintindex":0}}},{"from":[5.714211,5.4714136,-7.05],"to":[10.28564,10.042843,-5.9071436],"rotation":{"angle":22.5,"axis":"z","origin":[7.999925,7.757128,7.635714]},"faces":{"east":{"uv":[10.0625,9.625,10.1875,10.625],"rotation":0,"texture":"#0","tintindex":0},"south":{"uv":[10.0,3.5,10.5,4.5],"rotation":0,"texture":"#0","tintindex":0},"north":{"uv":[8.0,4.0,8.5,5.0],"rotation":0,"texture":"#0","tintindex":0},"west":{"uv":[10.1875,9.625,10.3125,10.625],"rotation":0,"texture":"#0","tintindex":0},"up":{"uv":[13.3125,3.75,12.8125,3.5],"rotation":0,"texture":"#0","tintindex":0},"down":{"uv":[13.3125,3.75,12.8125,4.0],"rotation":0,"texture":"#0","tintindex":0}}},{"from":[6.2856393,6.0428424,16.95],"to":[9.7142105,9.471414,17.52143],"rotation":{"angle":22.5,"axis":"z","origin":[7.999925,7.757128,7.635714]},"faces":{"east":{"uv":[10.875,10.625,10.9375,11.375],"rotation":0,"texture":"#0","tintindex":0},"south":{"uv":[11.8125,0.25,12.1875,1.0],"rotation":0,"texture":"#0","tintindex":0},"north":{"uv":[11.75,5.0,12.125,5.75],"rotation":0,"texture":"#0","tintindex":0},"west":{"uv":[10.9375,10.625,11.0,11.375],"rotation":0,"texture":"#0","tintindex":0},"up":{"uv":[13.5,10.75,13.125,10.625],"rotation":0,"texture":"#0","tintindex":0},"down":{"uv":[13.6875,10.25,13.3125,10.375],"rotation":0,"texture":"#0","tintindex":0}}},{"from":[6.2856393,6.0428424,19.235714],"to":[9.7142105,9.471414,19.807144],"rotation":{"angle":22.5,"axis":"z","origin":[7.999925,7.757128,7.635714]},"faces":{"east":{"uv":[11.875,3.5,11.9375,4.25],"rotation":0,"texture":"#0","tintindex":0},"south":{"uv":[11.6875,2.0,12.0625,2.75],"rotation":0,"texture":"#0","tintindex":0},"north":{"uv":[11.6875,1.25,12.0625,2.0],"rotation":0,"texture":"#0","tintindex":0},"west":{"uv":[12.1875,2.75,12.25,3.5],"rotation":0,"texture":"#0","tintindex":0},"up":{"uv":[11.375,5.25,11.0,5.125],"rotation":0,"texture":"#0","tintindex":0},"down":{"uv":[10.3125,10.625,9.9375,10.75],"rotation":0,"texture":"#0","tintindex":0}}},{"from":[6.857068,6.6142707,16.378572],"to":[9.142782,8.899985,20.378572],"rotation":{"angle":22.5,"axis":"z","origin":[7.999925,7.757128,7.635714]},"faces":{"east":{"uv":[10.75,2.625,11.1875,3.125],"rotation":0,"texture":"#0","tintindex":0},"south":{"uv":[11.375,9.625,11.625,10.125],"rotation":0,"texture":"#0","tintindex":0},"north":{"uv":[11.125,9.625,11.375,10.125],"rotation":0,"texture":"#0","tintindex":0},"west":{"uv":[11.25,1.25,11.6875,1.75],"rotation":0,"texture":"#0","tintindex":0},"up":{"uv":[12.5625,6.25,12.3125,5.375],"rotation":0,"texture":"#0","tintindex":0},"down":{"uv":[8.25,8.75,8.0,9.625],"rotation":0,"texture":"#0","tintindex":0}}},{"from":[7.428497,7.1856995,-0.76428604],"to":[8.571354,8.328557,16.378572],"rotation":{"angle":22.5,"axis":"z","origin":[7.999925,7.757128,7.635714]},"faces":{"east":{"uv":[10.25,3.25,12.125,3.5],"rotation":0,"texture":"#0","tintindex":0},"south":{"uv":[10.125,2.25,10.25,2.5],"rotation":0,"texture":"#0","tintindex":0},"north":{"uv":[8.75,2.5,8.875,2.75],"rotation":0,"texture":"#0","tintindex":0},"west":{"uv":[10.5,0.0,12.375,0.25],"rotation":0,"texture":"#0","tintindex":0},"up":{"uv":[8.125,8.75,8.0,5.0],"rotation":0,"texture":"#0","tintindex":0},"down":{"uv":[8.25,5.0,8.125,8.75],"rotation":0,"texture":"#0","tintindex":0}}}],"display":{"head":{"translation":[0.0,-6.4,0.0],"scale":[4.0,4.0,4.0]}}}