{"textures":{"0":"modelengine:entity/ecnpcs_demon_warrior"},"elements":[{"from":[6.571578,2.7142553,6.285714],"to":[8.857292,4.4285417,8.0],"rotation":{"angle":-22.5,"axis":"z","origin":[7.771578,3.285684,7.142857]},"faces":{"east":{"uv":[13.1875,7.875,13.375,8.25],"rotation":0,"texture":"#0","tintindex":0},"south":{"uv":[13.125,0.375,13.375,0.75],"rotation":0,"texture":"#0","tintindex":0},"north":{"uv":[13.0625,9.25,13.3125,9.625],"rotation":0,"texture":"#0","tintindex":0},"west":{"uv":[13.25,0.0,13.4375,0.375],"rotation":0,"texture":"#0","tintindex":0},"up":{"uv":[13.375,1.125,13.125,0.75],"rotation":0,"texture":"#0","tintindex":0},"down":{"uv":[13.375,1.125,13.125,1.5],"rotation":0,"texture":"#0","tintindex":0}}},{"from":[6.6287208,3.9713984,5.8285713],"to":[9.485864,7.971399,8.457143],"rotation":{"angle":0.0,"axis":"y","origin":[9.771578,-2.885745,6.857143]},"faces":{"east":{"uv":[8.25,8.0,8.5625,8.875],"rotation":0,"texture":"#0","tintindex":0},"south":{"uv":[10.1875,8.0,10.5,8.875],"rotation":0,"texture":"#0","tintindex":0},"north":{"uv":[11.875,7.875,12.1875,8.75],"rotation":0,"texture":"#0","tintindex":0},"west":{"uv":[12.0,5.75,12.3125,6.625],"rotation":0,"texture":"#0","tintindex":0},"up":{"uv":[12.6875,2.25,12.375,1.625],"rotation":0,"texture":"#0","tintindex":0},"down":{"uv":[9.1875,8.75,8.875,9.375],"rotation":0,"texture":"#0","tintindex":0}}},{"from":[6.057292,6.8285418,5.2571425],"to":[10.057293,7.39997,9.028571],"rotation":{"angle":0.0,"axis":"y","origin":[9.771578,-2.885745,6.857143]},"faces":{"east":{"uv":[13.3125,6.125,13.75,6.25],"rotation":0,"texture":"#0","tintindex":0},"south":{"uv":[13.3125,6.25,13.75,6.375],"rotation":0,"texture":"#0","tintindex":0},"north":{"uv":[13.3125,6.0,13.75,6.125],"rotation":0,"texture":"#0","tintindex":0},"west":{"uv":[12.25,10.625,12.6875,10.75],"rotation":0,"texture":"#0","tintindex":0},"up":{"uv":[9.1875,6.75,8.75,5.875],"rotation":0,"texture":"#0","tintindex":0},"down":{"uv":[11.375,5.25,10.9375,6.125],"rotation":0,"texture":"#0","tintindex":0}}},{"from":[6.057292,4.542827,5.2571425],"to":[10.057293,5.114256,9.028571],"rotation":{"angle":0.0,"axis":"y","origin":[9.771578,-2.885745,6.857143]},"faces":{"east":{"uv":[12.6875,10.625,13.125,10.75],"rotation":0,"texture":"#0","tintindex":0},"south":{"uv":[13.3125,9.375,13.75,9.5],"rotation":0,"texture":"#0","tintindex":0},"north":{"uv":[13.3125,9.25,13.75,9.375],"rotation":0,"texture":"#0","tintindex":0},"west":{"uv":[13.3125,9.5,13.75,9.625],"rotation":0,"texture":"#0","tintindex":0},"up":{"uv":[11.4375,1.125,11.0,0.25],"rotation":0,"texture":"#0","tintindex":0},"down":{"uv":[11.4375,3.5,11.0,4.375],"rotation":0,"texture":"#0","tintindex":0}}}],"display":{"head":{"translation":[0.0,-6.4,0.0],"scale":[4.0,4.0,4.0]}}}