{"textures":{"0":"modelengine:entity/ecnpcs_demon_warrior"},"elements":[{"from":[5.714286,11.2380705,4.3705006],"to":[7.428571,12.380928,4.9419293],"rotation":{"angle":0.0,"axis":"y","origin":[8.0,-7.619073,8.370501]},"faces":{"east":{"uv":[10.1875,6.375,10.25,6.625],"rotation":0,"texture":"#0","tintindex":0},"south":{"uv":[12.5,0.75,12.6875,1.0],"rotation":0,"texture":"#0","tintindex":0},"north":{"uv":[12.375,5.125,12.5625,5.375],"rotation":0,"texture":"#0","tintindex":0},"west":{"uv":[10.1875,6.625,10.25,6.875],"rotation":0,"texture":"#0","tintindex":0},"up":{"uv":[11.4375,1.25,11.25,1.125],"rotation":0,"texture":"#0","tintindex":0},"down":{"uv":[11.6875,5.0,11.5,5.125],"rotation":0,"texture":"#0","tintindex":0}}},{"from":[8.571428,11.2380705,4.3705006],"to":[10.285714,12.380928,4.9419293],"rotation":{"angle":0.0,"axis":"y","origin":[8.0,-7.619073,8.370501]},"faces":{"east":{"uv":[9.125,6.75,9.1875,7.0],"rotation":0,"texture":"#0","tintindex":0},"south":{"uv":[9.4375,10.75,9.625,11.0],"rotation":0,"texture":"#0","tintindex":0},"north":{"uv":[13.375,1.125,13.5625,1.375],"rotation":0,"texture":"#0","tintindex":0},"west":{"uv":[9.5,7.875,9.5625,8.125],"rotation":0,"texture":"#0","tintindex":0},"up":{"uv":[10.625,10.375,10.4375,10.25],"rotation":0,"texture":"#0","tintindex":0},"down":{"uv":[11.1875,10.75,11.0,10.875],"rotation":0,"texture":"#0","tintindex":0}}},{"from":[5.714286,8.380928,4.9419293],"to":[10.285714,12.952356,9.513358],"rotation":{"angle":0.0,"axis":"y","origin":[8.0,-7.619073,8.370501]},"faces":{"east":{"uv":[10.125,1.25,10.625,2.25],"rotation":0,"texture":"#0","tintindex":0},"south":{"uv":[9.0,4.25,9.5,5.25],"rotation":0,"texture":"#0","tintindex":0},"north":{"uv":[8.5,4.25,9.0,5.25],"rotation":0,"texture":"#0","tintindex":0},"west":{"uv":[10.25,2.25,10.75,3.25],"rotation":0,"texture":"#0","tintindex":0},"up":{"uv":[10.0,5.5,9.5,4.5],"rotation":0,"texture":"#0","tintindex":0},"down":{"uv":[10.5,4.5,10.0,5.5],"rotation":0,"texture":"#0","tintindex":0}}},{"from":[5.2571425,10.095213,5.513358],"to":[7.542857,14.666642,8.94193],"rotation":{"angle":22.5,"axis":"z","origin":[8.0,10.666642,7.227644]},"faces":{"east":{"uv":[11.25,6.125,11.625,7.125],"rotation":0,"texture":"#0","tintindex":0},"south":{"uv":[12.25,2.75,12.5,3.75],"rotation":0,"texture":"#0","tintindex":0},"north":{"uv":[12.1875,7.75,12.4375,8.75],"rotation":0,"texture":"#0","tintindex":0},"west":{"uv":[8.75,6.75,9.125,7.75],"rotation":0,"texture":"#0","tintindex":0},"up":{"uv":[12.75,7.375,12.5,6.625],"rotation":0,"texture":"#0","tintindex":0},"down":{"uv":[9.6875,9.125,9.4375,9.875],"rotation":0,"texture":"#0","tintindex":0}}},{"from":[5.3414164,12.559929,4.999072],"to":[7.627131,15.41707,7.2847867],"rotation":{"angle":-22.5,"axis":"x","origin":[6.484274,13.131357,7.227644]},"faces":{"east":{"uv":[12.6875,0.75,12.9375,1.375],"rotation":0,"texture":"#0","tintindex":0},"south":{"uv":[8.5,9.375,8.75,10.0],"rotation":0,"texture":"#0","tintindex":0},"north":{"uv":[12.625,9.125,12.875,9.75],"rotation":0,"texture":"#0","tintindex":0},"west":{"uv":[12.6875,1.375,12.9375,2.0],"rotation":0,"texture":"#0","tintindex":0},"up":{"uv":[13.125,8.75,12.875,8.25],"rotation":0,"texture":"#0","tintindex":0},"down":{"uv":[12.625,9.75,12.375,10.25],"rotation":0,"texture":"#0","tintindex":0}}},{"from":[4.936166,14.062441,4.75115],"to":[6.6504517,16.919584,6.465436],"rotation":{"angle":45.0,"axis":"z","origin":[6.536166,15.319585,5.436864]},"faces":{"east":{"uv":[11.375,8.125,11.5625,8.75],"rotation":0,"texture":"#0","tintindex":0},"south":{"uv":[10.3125,9.625,10.5,10.25],"rotation":0,"texture":"#0","tintindex":0},"north":{"uv":[11.9375,4.375,12.125,5.0],"rotation":0,"texture":"#0","tintindex":0},"west":{"uv":[12.875,9.25,13.0625,9.875],"rotation":0,"texture":"#0","tintindex":0},"up":{"uv":[8.625,10.875,8.4375,10.5],"rotation":0,"texture":"#0","tintindex":0},"down":{"uv":[8.8125,10.5,8.625,10.875],"rotation":0,"texture":"#0","tintindex":0}}},{"from":[2.7288604,15.217482,6.0131674],"to":[5.5860033,16.36034,7.1560245],"rotation":{"angle":-22.5,"axis":"y","origin":[7.357432,14.931767,6.127453]},"faces":{"east":{"uv":[10.125,2.5,10.25,2.75],"rotation":0,"texture":"#0","tintindex":0},"south":{"uv":[13.125,4.875,13.4375,5.125],"rotation":0,"texture":"#0","tintindex":0},"north":{"uv":[13.125,4.625,13.4375,4.875],"rotation":0,"texture":"#0","tintindex":0},"west":{"uv":[10.625,1.75,10.75,2.0],"rotation":0,"texture":"#0","tintindex":0},"up":{"uv":[13.4375,6.875,13.125,6.625],"rotation":0,"texture":"#0","tintindex":0},"down":{"uv":[13.4375,6.875,13.125,7.125],"rotation":0,"texture":"#0","tintindex":0}}},{"from":[1.1951184,15.960339,4.5293975],"to":[2.9094038,16.531769,5.1008263],"rotation":{"angle":-45.0,"axis":"z","origin":[2.2236896,15.503196,4.1865406]},"faces":{"east":{"uv":[11.4375,4.25,11.5,4.375],"rotation":0,"texture":"#0","tintindex":0},"south":{"uv":[8.875,7.75,9.0625,7.875],"rotation":0,"texture":"#0","tintindex":0},"north":{"uv":[8.5625,7.625,8.75,7.75],"rotation":0,"texture":"#0","tintindex":0},"west":{"uv":[9.125,7.0,9.1875,7.125],"rotation":0,"texture":"#0","tintindex":0},"up":{"uv":[12.125,7.875,11.9375,7.75],"rotation":0,"texture":"#0","tintindex":0},"down":{"uv":[12.4375,7.625,12.25,7.75],"rotation":0,"texture":"#0","tintindex":0}}},{"from":[13.090596,15.960339,4.5293975],"to":[14.804882,16.531769,5.1008263],"rotation":{"angle":45.0,"axis":"z","origin":[13.77631,15.503196,4.1865406]},"faces":{"east":{"uv":[11.6875,5.0,11.75,5.125],"rotation":0,"texture":"#0","tintindex":0},"south":{"uv":[12.6875,8.25,12.875,8.375],"rotation":0,"texture":"#0","tintindex":0},"north":{"uv":[9.0,9.375,9.1875,9.5],"rotation":0,"texture":"#0","tintindex":0},"west":{"uv":[9.0625,7.75,9.125,7.875],"rotation":0,"texture":"#0","tintindex":0},"up":{"uv":[12.9375,0.75,12.75,0.625],"rotation":0,"texture":"#0","tintindex":0},"down":{"uv":[13.125,7.875,12.9375,8.0],"rotation":0,"texture":"#0","tintindex":0}}},{"from":[10.413997,15.217482,6.0131674],"to":[13.271139,16.36034,7.1560245],"rotation":{"angle":22.5,"axis":"y","origin":[8.642568,14.931767,6.127453]},"faces":{"east":{"uv":[10.625,2.0,10.75,2.25],"rotation":0,"texture":"#0","tintindex":0},"south":{"uv":[13.125,8.5,13.4375,8.75],"rotation":0,"texture":"#0","tintindex":0},"north":{"uv":[13.125,8.25,13.4375,8.5],"rotation":0,"texture":"#0","tintindex":0},"west":{"uv":[9.375,5.25,9.5,5.5],"rotation":0,"texture":"#0","tintindex":0},"up":{"uv":[12.6875,10.5,12.375,10.25],"rotation":0,"texture":"#0","tintindex":0},"down":{"uv":[13.4375,8.75,13.125,9.0],"rotation":0,"texture":"#0","tintindex":0}}},{"from":[9.349548,14.062441,4.75115],"to":[11.063834,16.919584,6.465436],"rotation":{"angle":-45.0,"axis":"z","origin":[9.463834,15.319585,5.436864]},"faces":{"east":{"uv":[12.9375,1.25,13.125,1.875],"rotation":0,"texture":"#0","tintindex":0},"south":{"uv":[12.9375,1.875,13.125,2.5],"rotation":0,"texture":"#0","tintindex":0},"north":{"uv":[12.9375,0.625,13.125,1.25],"rotation":0,"texture":"#0","tintindex":0},"west":{"uv":[12.9375,2.5,13.125,3.125],"rotation":0,"texture":"#0","tintindex":0},"up":{"uv":[13.4375,1.875,13.25,1.5],"rotation":0,"texture":"#0","tintindex":0},"down":{"uv":[9.0,10.5,8.8125,10.875],"rotation":0,"texture":"#0","tintindex":0}}},{"from":[8.3728695,12.559929,4.999072],"to":[10.658584,15.41707,7.2847867],"rotation":{"angle":-22.5,"axis":"x","origin":[9.515726,13.131357,7.227644]},"faces":{"east":{"uv":[12.6875,7.375,12.9375,8.0],"rotation":0,"texture":"#0","tintindex":0},"south":{"uv":[12.75,0.0,13.0,0.625],"rotation":0,"texture":"#0","tintindex":0},"north":{"uv":[8.75,9.375,9.0,10.0],"rotation":0,"texture":"#0","tintindex":0},"west":{"uv":[9.0,9.5,9.25,10.125],"rotation":0,"texture":"#0","tintindex":0},"up":{"uv":[13.125,9.25,12.875,8.75],"rotation":0,"texture":"#0","tintindex":0},"down":{"uv":[12.875,9.75,12.625,10.25],"rotation":0,"texture":"#0","tintindex":0}}},{"from":[8.457143,10.095213,5.513358],"to":[10.742857,14.666642,8.94193],"rotation":{"angle":-22.5,