{"textures":{"0":"modelengine:entity/ecnpcs_demon_warrior"},"elements":[{"from":[8.011188,4.0793877,7.142857],"to":[10.296903,7.5079594,8.857143],"rotation":{"angle":0.0,"axis":"y","origin":[10.868331,-6.7777557,7.714286]},"faces":{"east":{"uv":[12.75,6.625,12.9375,7.375],"rotation":0,"texture":"#0","tintindex":0},"south":{"uv":[12.5,2.75,12.75,3.5],"rotation":0,"texture":"#0","tintindex":0},"north":{"uv":[12.5,0.0,12.75,0.75],"rotation":0,"texture":"#0","tintindex":0},"west":{"uv":[8.0,9.625,8.1875,10.375],"rotation":0,"texture":"#0","tintindex":0},"up":{"uv":[12.125,10.5,11.875,10.125],"rotation":0,"texture":"#0","tintindex":0},"down":{"uv":[12.375,10.125,12.125,10.5],"rotation":0,"texture":"#0","tintindex":0}}},{"from":[8.011188,7.5079594,6.0],"to":[10.868331,8.079388,10.0],"rotation":{"angle":0.0,"axis":"y","origin":[10.868331,-6.7777557,7.714286]},"faces":{"east":{"uv":[13.3125,3.875,13.75,4.0],"rotation":0,"texture":"#0","tintindex":0},"south":{"uv":[13.375,5.375,13.6875,5.5],"rotation":0,"texture":"#0","tintindex":0},"north":{"uv":[13.375,5.25,13.6875,5.375],"rotation":0,"texture":"#0","tintindex":0},"west":{"uv":[10.4375,10.625,10.875,10.75],"rotation":0,"texture":"#0","tintindex":0},"up":{"uv":[12.25,7.75,11.9375,6.875],"rotation":0,"texture":"#0","tintindex":0},"down":{"uv":[11.875,7.875,11.5625,8.75],"rotation":0,"texture":"#0","tintindex":0}}},{"from":[8.354045,7.679388,6.1142855],"to":[8.925474,11.10796,9.885715],"rotation":{"angle":-22.5,"axis":"z","origin":[8.296902,9.222245,8.0]},"faces":{"east":{"uv":[11.5,4.25,11.9375,5.0],"rotation":0,"texture":"#0","tintindex":0},"south":{"uv":[9.125,10.75,9.1875,11.5],"rotation":0,"texture":"#0","tintindex":0},"north":{"uv":[9.0625,10.75,9.125,11.5],"rotation":0,"texture":"#0","tintindex":0},"west":{"uv":[9.125,7.125,9.5625,7.875],"rotation":0,"texture":"#0","tintindex":0},"up":{"uv":[8.375,11.5,8.3125,10.625],"rotation":0,"texture":"#0","tintindex":0},"down":{"uv":[8.4375,10.625,8.375,11.5],"rotation":0,"texture":"#0","tintindex":0}}},{"from":[8.46833,7.4508166,6.742857],"to":[10.7540455,8.593674,9.257143],"rotation":{"angle":22.5,"axis":"z","origin":[9.154045,7.7936735,8.0]},"faces":{"east":{"uv":[11.0,10.5,11.25,10.75],"rotation":0,"texture":"#0","tintindex":0},"south":{"uv":[11.25,10.5,11.5,10.75],"rotation":0,"texture":"#0","tintindex":0},"north":{"uv":[13.25,5.625,13.5,5.875],"rotation":0,"texture":"#0","tintindex":0},"west":{"uv":[11.5,10.5,11.75,10.75],"rotation":0,"texture":"#0","tintindex":0},"up":{"uv":[12.375,10.125,12.125,9.625],"rotation":0,"texture":"#0","tintindex":0},"down":{"uv":[13.125,4.0,12.875,4.5],"rotation":0,"texture":"#0","tintindex":0}}},{"from":[8.323727,8.198994,6.5714283],"to":[10.609441,9.341851,9.428572],"rotation":{"angle":45.0,"axis":"z","origin":[8.952298,8.256137,8.0]},"faces":{"east":{"uv":[13.0625,9.625,13.375,9.875],"rotation":0,"texture":"#0","tintindex":0},"south":{"uv":[12.0,10.5,12.25,10.75],"rotation":0,"texture":"#0","tintindex":0},"north":{"uv":[11.75,10.5,12.0,10.75],"rotation":0,"texture":"#0","tintindex":0},"west":{"uv":[13.125,2.875,13.4375,3.125],"rotation":0,"texture":"#0","tintindex":0},"up":{"uv":[12.875,4.875,12.625,4.25],"rotation":0,"texture":"#0","tintindex":0},"down":{"uv":[11.0,9.25,10.75,9.875],"rotation":0,"texture":"#0","tintindex":0}}}],"display":{"head":{"translation":[0.0,-6.4,0.0],"scale":[4.0,4.0,4.0]}}}