{"textures":{"0":"modelengine:entity/ecnpcs_demon_warrior"},"elements":[{"from":[6.5714283,3.6760974,6.542653],"to":[9.428572,8.247526,8.828367],"rotation":{"angle":22.5,"axis":"x","origin":[7.714286,5.3332405,8.6569395]},"faces":{"east":{"uv":[11.125,8.125,11.375,9.125],"rotation":0,"texture":"#0","tintindex":0},"south":{"uv":[11.25,7.125,11.5625,8.125],"rotation":0,"texture":"#0","tintindex":0},"north":{"uv":[9.875,7.125,10.1875,8.125],"rotation":0,"texture":"#0","tintindex":0},"west":{"uv":[12.125,4.375,12.375,5.375],"rotation":0,"texture":"#0","tintindex":0},"up":{"uv":[12.0625,9.625,11.75,9.125],"rotation":0,"texture":"#0","tintindex":0},"down":{"uv":[12.375,9.125,12.0625,9.625],"rotation":0,"texture":"#0","tintindex":0}}}],"display":{"head":{"translation":[0.0,-6.4,0.0],"scale":[4.0,4.0,4.0]}}}