{"textures":{"0":"modelengine:entity/ecnpcs_demon_warrior"},"elements":[{"from":[5.7030973,4.0793877,7.142857],"to":[7.988812,7.5079594,8.857143],"rotation":{"angle":0.0,"axis":"y","origin":[5.131669,-6.7777557,7.714286]},"faces":{"east":{"uv":[8.5625,6.875,8.75,7.625],"rotation":0,"texture":"#0","tintindex":0},"south":{"uv":[12.375,4.375,12.625,5.125],"rotation":0,"texture":"#0","tintindex":0},"north":{"uv":[9.1875,8.75,9.4375,9.5],"rotation":0,"texture":"#0","tintindex":0},"west":{"uv":[10.0,8.125,10.1875,8.875],"rotation":0,"texture":"#0","tintindex":0},"up":{"uv":[12.0,6.125,11.75,5.75],"rotation":0,"texture":"#0","tintindex":0},"down":{"uv":[13.0625,6.25,12.8125,6.625],"rotation":0,"texture":"#0","tintindex":0}}},{"from":[5.131669,7.5079594,6.0],"to":[7.988812,8.079388,10.0],"rotation":{"angle":0.0,"axis":"y","origin":[5.131669,-6.7777557,7.714286]},"faces":{"east":{"uv":[10.75,3.125,11.1875,3.25],"rotation":0,"texture":"#0","tintindex":0},"south":{"uv":[13.375,5.125,13.6875,5.25],"rotation":0,"texture":"#0","tintindex":0},"north":{"uv":[10.4375,10.75,10.75,10.875],"rotation":0,"texture":"#0","tintindex":0},"west":{"uv":[13.25,2.75,13.6875,2.875],"rotation":0,"texture":"#0","tintindex":0},"up":{"uv":[12.25,4.375,11.9375,3.5],"rotation":0,"texture":"#0","tintindex":0},"down":{"uv":[11.125,7.875,10.8125,8.75],"rotation":0,"texture":"#0","tintindex":0}}},{"from":[7.0745263,7.679388,6.1142855],"to":[7.645955,11.10796,9.885715],"rotation":{"angle":22.5,"axis":"z","origin":[7.703098,9.222245,8.0]},"faces":{"east":{"uv":[11.4375,3.5,11.875,4.25],"rotation":0,"texture":"#0","tintindex":0},"south":{"uv":[9.0,10.75,9.0625,11.5],"rotation":0,"texture":"#0","tintindex":0},"north":{"uv":[8.25,10.75,8.3125,11.5],"rotation":0,"texture":"#0","tintindex":0},"west":{"uv":[10.5,6.875,10.9375,7.625],"rotation":0,"texture":"#0","tintindex":0},"up":{"uv":[9.9375,10.75,9.875,9.875],"rotation":0,"texture":"#0","tintindex":0},"down":{"uv":[9.4375,10.25,9.375,11.125],"rotation":0,"texture":"#0","tintindex":0}}},{"from":[5.245955,7.4508166,6.742857],"to":[7.531669,8.593674,9.257143],"rotation":{"angle":-22.5,"axis":"z","origin":[6.845955,7.7936735,8.0]},"faces":{"east":{"uv":[13.25,2.0,13.5,2.25],"rotation":0,"texture":"#0","tintindex":0},"south":{"uv":[13.25,2.25,13.5,2.5],"rotation":0,"texture":"#0","tintindex":0},"north":{"uv":[9.0,10.5,9.25,10.75],"rotation":0,"texture":"#0","tintindex":0},"west":{"uv":[13.25,2.5,13.5,2.75],"rotation":0,"texture":"#0","tintindex":0},"up":{"uv":[11.875,10.125,11.625,9.625],"rotation":0,"texture":"#0","tintindex":0},"down":{"uv":[12.125,9.625,11.875,10.125],"rotation":0,"texture":"#0","tintindex":0}}},{"from":[5.390559,8.198994,6.5714283],"to":[7.6762733,9.341851,9.428572],"rotation":{"angle":-45.0,"axis":"z","origin":[7.047702,8.256137,8.0]},"faces":{"east":{"uv":[11.625,6.875,11.9375,7.125],"rotation":0,"texture":"#0","tintindex":0},"south":{"uv":[13.25,4.25,13.5,4.5],"rotation":0,"texture":"#0","tintindex":0},"north":{"uv":[13.25,4.0,13.5,4.25],"rotation":0,"texture":"#0","tintindex":0},"west":{"uv":[13.0625,6.375,13.375,6.625],"rotation":0,"texture":"#0","tintindex":0},"up":{"uv":[10.5,6.125,10.25,5.5],"rotation":0,"texture":"#0","tintindex":0},"down":{"uv":[12.625,9.125,12.375,9.75],"rotation":0,"texture":"#0","tintindex":0}}}],"display":{"head":{"translation":[0.0,-6.4,0.0],"scale":[4.0,4.0,4.0]}}}