{"textures":{"0":"modelengine:entity/mso_overlord_stage1"},"elements":[{"name":"cube","from":[6.5499983,0.18999743,7.119998],"to":[8.949998,5.589998,10.119998],"rotation":{"angle":0.0,"axis":"x","origin":[4.449998,0.18999743,2.6199977]},"faces":{"down":{"uv":[10.75,1.375,10.25,2.0],"rotation":0,"texture":"#0","tintindex":0},"east":{"uv":[8.75,0.0,8.125,1.125],"rotation":0,"texture":"#0","tintindex":0},"north":{"uv":[7.375,8.125,7.875,9.25],"rotation":0,"texture":"#0","tintindex":0},"south":{"uv":[2.375,8.75,2.875,9.875],"rotation":0,"texture":"#0","tintindex":0},"up":{"uv":[1.875,8.75,1.375,8.125],"rotation":0,"texture":"#0","tintindex":0},"west":{"uv":[8.125,0.0,8.75,1.125],"rotation":0,"texture":"#0","tintindex":0}}},{"name":"cube","from":[6.5499983,7.389998,7.419998],"to":[8.949998,7.989998,9.819998],"rotation":{"angle":0.0,"axis":"x","origin":[4.449998,0.18999743,2.6199977]},"faces":{"down":{"uv":[10.875,0.875,10.375,1.375],"rotation":0,"texture":"#0","tintindex":0},"east":{"uv":[9.875,4.25,10.375,4.375],"rotation":0,"texture":"#0","tintindex":0},"north":{"uv":[5.25,3.875,5.75,4.0],"rotation":0,"texture":"#0","tintindex":0},"south":{"uv":[8.25,5.375,8.75,5.5],"rotation":0,"texture":"#0","tintindex":0},"up":{"uv":[10.875,0.875,10.375,0.375],"rotation":0,"texture":"#0","tintindex":0},"west":{"uv":[8.375,3.75,8.875,3.875],"rotation":0,"texture":"#0","tintindex":0}}},{"name":"cube","from":[6.249998,5.589998,6.819998],"to":[9.249998,7.389998,10.419998],"rotation":{"angle":0.0,"axis":"x","origin":[4.449998,0.18999743,2.6199977]},"faces":{"down":{"uv":[5.5,9.5,4.875,10.25],"rotation":0,"texture":"#0","tintindex":0},"east":{"uv":[5.25,10.25,6.0,10.625],"rotation":0,"texture":"#0","tintindex":0},"north":{"uv":[10.875,9.375,11.5,9.75],"rotation":0,"texture":"#0","tintindex":0},"south":{"uv":[10.875,9.375,11.5,9.75],"rotation":0,"texture":"#0","tintindex":0},"up":{"uv":[2.375,10.125,1.75,9.375],"rotation":0,"texture":"#0","tintindex":0},"west":{"uv":[5.25,10.25,6.0,10.625],"rotation":0,"texture":"#0","tintindex":0}}},{"name":"cube","from":[6.249998,3.7899976,6.819998],"to":[9.249998,4.989998,10.419998],"rotation":{"angle":0.0,"axis":"x","origin":[4.449998,0.18999743,2.6199977]},"faces":{"down":{"uv":[6.125,9.5,5.5,10.25],"rotation":0,"texture":"#0","tintindex":0},"east":{"uv":[11.25,1.625,11.875,1.875],"rotation":0,"texture":"#0","tintindex":0},"north":{"uv":[11.25,1.625,11.875,1.875],"rotation":0,"texture":"#0","tintindex":0},"south":{"uv":[11.25,1.625,11.875,1.875],"rotation":0,"texture":"#0","tintindex":0},"up":{"uv":[10.125,6.125,9.5,5.375],"rotation":0,"texture":"#0","tintindex":0},"west":{"uv":[11.25,1.625,11.875,1.875],"rotation":0,"texture":"#0","tintindex":0}}},{"name":"cube","from":[6.249998,1.9899976,6.819998],"to":[9.249998,3.1899977,10.419998],"rotation":{"angle":0.0,"axis":"x","origin":[4.449998,0.18999743,2.6199977]},"faces":{"down":{"uv":[10.125,7.375,9.5,8.125],"rotation":0,"texture":"#0","tintindex":0},"east":{"uv":[11.25,1.625,11.875,1.875],"rotation":0,"texture":"#0","tintindex":0},"north":{"uv":[11.25,1.625,11.875,1.875],"rotation":0,"texture":"#0","tintindex":0},"south":{"uv":[11.25,1.625,11.875,1.875],"rotation":0,"texture":"#0","tintindex":0},"up":{"uv":[10.125,7.375,9.5,6.625],"rotation":0,"texture":"#0","tintindex":0},"west":{"uv":[11.25,1.625,11.875,1.875],"rotation":0,"texture":"#0","tintindex":0}}}],"display":{"head":{"translation":[0.0,-6.4,0.0],"rotation":[0.0,0.0,0.0],"scale":[3.8095,3.8095,3.8095]}}}