{"textures":{"0":"modelengine:entity/mso_overlord_stage1"},"elements":[{"name":"cube","from":[5.92727,2.8727307,6.909092],"to":[8.3272705,5.272731,9.309092],"rotation":{"angle":0.0,"axis":"x","origin":[7.42727,-15.727269,2.1090918]},"faces":{"down":{"uv":[10.375,10.625,9.875,11.125],"rotation":0,"texture":"#0","tintindex":0},"east":{"uv":[5.75,10.625,6.25,11.125],"rotation":0,"texture":"#0","tintindex":0},"north":{"uv":[5.25,10.625,5.75,11.125],"rotation":0,"texture":"#0","tintindex":0},"south":{"uv":[6.25,10.625,6.75,11.125],"rotation":0,"texture":"#0","tintindex":0},"up":{"uv":[8.75,11.125,8.25,10.625],"rotation":0,"texture":"#0","tintindex":0},"west":{"uv":[6.75,10.625,7.25,11.125],"rotation":0,"texture":"#0","tintindex":0}}},{"name":"cube","from":[5.02127,5.8667307,5.7030916],"to":[9.233271,9.478731,10.515093],"rotation":{"angle":0.0,"axis":"x","origin":[7.42727,-15.727269,2.1090918]},"faces":{"down":{"uv":[3.875,6.0,3.0,7.0],"rotation":0,"texture":"#0","tintindex":0},"east":{"uv":[9.0,7.25,8.0,8.0],"rotation":0,"texture":"#0","tintindex":0},"north":{"uv":[8.125,3.875,9.0,4.625],"rotation":0,"texture":"#0","tintindex":0},"south":{"uv":[3.625,8.25,4.5,9.0],"rotation":0,"texture":"#0","tintindex":0},"up":{"uv":[6.125,6.75,5.25,5.75],"rotation":0,"texture":"#0","tintindex":0},"west":{"uv":[5.75,7.5,6.75,8.25],"rotation":0,"texture":"#0","tintindex":0}}},{"name":"cube","from":[4.72727,5.272731,5.409092],"to":[9.52727,6.4727306,10.809092],"rotation":{"angle":0.0,"axis":"x","origin":[7.42727,-15.727269,2.1090918]},"faces":{"down":{"uv":[1.0,4.25,0.0,5.375],"rotation":0,"texture":"#0","tintindex":0},"east":{"uv":[10.0,3.5,11.125,3.75],"rotation":0,"texture":"#0","tintindex":0},"north":{"uv":[10.375,2.5,11.375,2.75],"rotation":0,"texture":"#0","tintindex":0},"south":{"uv":[10.375,4.75,11.375,5.0],"rotation":0,"texture":"#0","tintindex":0},"up":{"uv":[5.0,5.125,4.0,4.0],"rotation":0,"texture":"#0","tintindex":0},"west":{"uv":[10.25,8.5,11.375,8.75],"rotation":0,"texture":"#0","tintindex":0}}},{"name":"cube","from":[5.02727,9.472731,10.509092],"to":[9.22727,13.672731,10.509092],"rotation":{"angle":0.0,"axis":"x","origin":[7.42727,-15.727269,2.1090918]},"faces":{"down":{"uv":[0.875,0.0,0.0,0.0],"rotation":0,"texture":"#0","tintindex":0},"east":{"uv":[0.0,0.0,0.0,0.875],"rotation":0,"texture":"#0","tintindex":0},"north":{"uv":[7.125,5.5,8.0,6.375],"rotation":0,"texture":"#0","tintindex":0},"south":{"uv":[7.125,6.375,8.0,7.25],"rotation":0,"texture":"#0","tintindex":0},"up":{"uv":[0.875,0.0,0.0,0.0],"rotation":0,"texture":"#0","tintindex":0},"west":{"uv":[0.0,0.0,0.0,0.875],"rotation":0,"texture":"#0","tintindex":0}}},{"name":"cube","from":[5.02727,9.472731,5.409092],"to":[5.02727,13.672731,10.209092],"rotation":{"angle":0.0,"axis":"x","origin":[7.42727,-15.727269,1.8090917]},"faces":{"down":{"uv":[0.0,0.0,0.0,1.0],"rotation":0,"texture":"#0","tintindex":0},"east":{"uv":[6.25,4.625,7.25,5.5],"rotation":0,"texture":"#0","tintindex":0},"north":{"uv":[0.0,0.0,0.0,0.875],"rotation":0,"texture":"#0","tintindex":0},"south":{"uv":[0.0,0.0,0.0,0.875],"rotation":0,"texture":"#0","tintindex":0},"up":{"uv":[0.0,1.0,0.0,0.0],"rotation":0,"texture":"#0","tintindex":0},"west":{"uv":[0.0,6.375,1.0,7.25],"rotation":0,"texture":"#0","tintindex":0}}},{"name":"cube","from":[5.02727,9.472731,5.709092],"to":[9.22727,13.672731,5.709092],"rotation":{"angle":0.0,"axis":"x","origin":[7.42727,-15.727269,2.1090918]},"faces":{"down":{"uv":[0.875,0.0,0.0,0.0],"rotation":0,"texture":"#0","tintindex":0},"east":{"uv":[0.0,0.0,0.0,0.875],"rotation":0,"texture":"#0","tintindex":0},"north":{"uv":[0.0,7.25,0.875,8.125],"rotation":0,"texture":"#0","tintindex":0},"south":{"uv":[7.25,0.0,8.125,0.875],"rotation":0,"texture":"#0","tintindex":0},"up":{"uv":[0.875,0.0,0.0,0.0],"rotation":0,"texture":"#0","tintindex":0},"west":{"uv":[0.0,0.0,0.0,0.875],"rotation":0,"texture":"#0","tintindex":0}}},{"name":"cube","from":[3.8212698,6.466731,6.303092],"to":[8.03327,11.278731,9.915092],"rotation":{"angle":0.0,"axis":"x","origin":[7.42727,-15.727269,2.1090918]},"faces":{"down":{"uv":[6.5,8.25,5.625,9.0],"rotation":0,"texture":"#0","tintindex":0},"east":{"uv":[2.875,8.0,3.625,9.0],"rotation":0,"texture":"#0","tintindex":0},"north":{"uv":[6.25,2.625,7.125,3.625],"rotation":0,"texture":"#0","tintindex":0},"south":{"uv":[6.25,3.625,7.125,4.625],"rotation":0,"texture":"#0","tintindex":0},"up":{"uv":[9.125,5.375,8.25,4.625],"rotation":0,"texture":"#0","tintindex":0},"west":{"uv":[8.0,5.5,8.75,6.5],"rotation":0,"texture":"#0","tintindex":0}}}],"display":{"head":{"translation":[0.0,-6.4,0.0],"rotation":[0.0,0.0,0.0],"scale":[3.8095,3.8095,3.8095]}}}