{"textures":{"0":"modelengine:entity/mso_overlord_stage1"},"elements":[{"name":"cube","from":[5.4000015,4.419998,5.499998],"to":[10.200003,6.2199984,10.299998],"rotation":{"angle":0.0,"axis":"x","origin":[7.500002,-10.580002,1.8999978]},"faces":{"down":{"uv":[3.0,5.375,2.0,6.375],"rotation":0,"texture":"#0","tintindex":0},"east":{"uv":[10.125,7.25,11.125,7.625],"rotation":0,"texture":"#0","tintindex":0},"north":{"uv":[10.125,6.875,11.125,7.25],"rotation":0,"texture":"#0","tintindex":0},"south":{"uv":[10.125,7.625,11.125,8.0],"rotation":0,"texture":"#0","tintindex":0},"up":{"uv":[2.0,6.375,1.0,5.375],"rotation":0,"texture":"#0","tintindex":0},"west":{"uv":[0.0,10.25,1.0,10.625],"rotation":0,"texture":"#0","tintindex":0}}},{"name":"cube","from":[6.000002,1.4199983,6.099998],"to":[9.600002,4.419998,9.699999],"rotation":{"angle":0.0,"axis":"x","origin":[7.500002,-10.580002,1.8999978]},"faces":{"down":{"uv":[9.5,8.75,8.75,9.5],"rotation":0,"texture":"#0","tintindex":0},"east":{"uv":[9.625,0.0,10.375,0.625],"rotation":0,"texture":"#0","tintindex":0},"north":{"uv":[9.5,8.5,10.25,9.125],"rotation":0,"texture":"#0","tintindex":0},"south":{"uv":[9.625,4.375,10.375,5.0],"rotation":0,"texture":"#0","tintindex":0},"up":{"uv":[9.5,8.75,8.75,8.0],"rotation":0,"texture":"#0","tintindex":0},"west":{"uv":[9.625,9.125,10.375,9.75],"rotation":0,"texture":"#0","tintindex":0}}},{"name":"cube","from":[6.594002,6.2139983,6.693998],"to":[9.006002,8.025999,9.105998],"rotation":{"angle":0.0,"axis":"x","origin":[7.500002,-10.580002,1.8999978]},"faces":{"down":{"uv":[11.375,4.25,10.875,4.75],"rotation":0,"texture":"#0","tintindex":0},"east":{"uv":[11.125,6.5,11.625,6.875],"rotation":0,"texture":"#0","tintindex":0},"north":{"uv":[6.5,11.125,7.0,11.5],"rotation":0,"texture":"#0","tintindex":0},"south":{"uv":[11.125,6.875,11.625,7.25],"rotation":0,"texture":"#0","tintindex":0},"up":{"uv":[4.75,11.375,4.25,10.875],"rotation":0,"texture":"#0","tintindex":0},"west":{"uv":[7.0,11.125,7.5,11.5],"rotation":0,"texture":"#0","tintindex":0}}}],"display":{"head":{"translation":[0.0,-6.4,0.0],"rotation":[0.0,0.0,0.0],"scale":[3.8095,3.8095,3.8095]}}}