{"textures":{"0":"modelengine:entity/ecnpcs_demon_archer"},"elements":[{"from":[7.7379637,3.4656982,5.857369],"to":[10.023678,7.4656982,8.485941],"rotation":{"angle":0.0,"axis":"y","origin":[6.8808208,-3.3914452,6.8859406]},"faces":{"east":{"uv":[4.5,0.875,5.125,1.75],"rotation":0,"texture":"#0","tintindex":0},"south":{"uv":[5.5,4.875,6.0,5.75],"rotation":0,"texture":"#0","tintindex":0},"north":{"uv":[5.5,4.0,6.0,4.875],"rotation":0,"texture":"#0","tintindex":0},"west":{"uv":[4.5,3.25,5.125,4.125],"rotation":0,"texture":"#0","tintindex":0},"up":{"uv":[7.25,6.75,6.75,6.125],"rotation":0,"texture":"#0","tintindex":0},"down":{"uv":[6.75,6.75,6.25,7.375],"rotation":0,"texture":"#0","tintindex":0}}},{"from":[6.123967,5.7308235,7.728607],"to":[8.98111,6.8736806,8.871464],"rotation":{"angle":-22.5,"axis":"y","origin":[10.752539,6.0165377,7.8428926]},"faces":{"east":{"uv":[4.375,8.375,4.625,8.625],"rotation":0,"texture":"#0","tintindex":0},"south":{"uv":[7.625,5.625,8.25,5.875],"rotation":0,"texture":"#0","tintindex":0},"north":{"uv":[7.625,5.375,8.25,5.625],"rotation":0,"texture":"#0","tintindex":0},"west":{"uv":[4.625,8.375,4.875,8.625],"rotation":0,"texture":"#0","tintindex":0},"up":{"uv":[8.25,6.375,7.625,6.125],"rotation":0,"texture":"#0","tintindex":0},"down":{"uv":[8.25,6.375,7.625,6.625],"rotation":0,"texture":"#0","tintindex":0}}},{"from":[4.5902247,6.4736805,6.2448373],"to":[6.3045106,7.0451093,6.816266],"rotation":{"angle":-45.0,"axis":"z","origin":[5.6187963,6.0165377,5.90198]},"faces":{"east":{"uv":[0.375,8.625,0.5,8.75],"rotation":0,"texture":"#0","tintindex":0},"south":{"uv":[8.5,6.375,8.875,6.5],"rotation":0,"texture":"#0","tintindex":0},"north":{"uv":[8.5,6.25,8.875,6.375],"rotation":0,"texture":"#0","tintindex":0},"west":{"uv":[8.625,0.375,8.75,0.5],"rotation":0,"texture":"#0","tintindex":0},"up":{"uv":[8.875,6.625,8.5,6.5],"rotation":0,"texture":"#0","tintindex":0},"down":{"uv":[8.875,6.75,8.5,6.875],"rotation":0,"texture":"#0","tintindex":0}}},{"from":[5.609681,4.5308237,7.728607],"to":[8.466825,5.6736803,8.871464],"rotation":{"angle":-22.5,"axis":"y","origin":[10.238253,4.245109,7.8428926]},"faces":{"east":{"uv":[2.375,8.375,2.625,8.625],"rotation":0,"texture":"#0","tintindex":0},"south":{"uv":[4.25,7.625,4.875,7.875],"rotation":0,"texture":"#0","tintindex":0},"north":{"uv":[7.625,3.75,8.25,4.0],"rotation":0,"texture":"#0","tintindex":0},"west":{"uv":[4.125,8.375,4.375,8.625],"rotation":0,"texture":"#0","tintindex":0},"up":{"uv":[8.25,5.125,7.625,4.875],"rotation":0,"texture":"#0","tintindex":0},"down":{"uv":[8.25,5.125,7.625,5.375],"rotation":0,"texture":"#0","tintindex":0}}},{"from":[4.075939,5.2736807,6.2448373],"to":[5.790225,5.845109,6.816266],"rotation":{"angle":-45.0,"axis":"z","origin":[5.1045103,4.816538,5.90198]},"faces":{"east":{"uv":[0.25,8.625,0.375,8.75],"rotation":0,"texture":"#0","tintindex":0},"south":{"uv":[8.5,5.625,8.875,5.75],"rotation":0,"texture":"#0","tintindex":0},"north":{"uv":[5.625,8.5,6.0,8.625],"rotation":0,"texture":"#0","tintindex":0},"west":{"uv":[8.625,0.25,8.75,0.375],"rotation":0,"texture":"#0","tintindex":0},"up":{"uv":[8.875,5.875,8.5,5.75],"rotation":0,"texture":"#0","tintindex":0},"down":{"uv":[8.875,6.125,8.5,6.25],"rotation":0,"texture":"#0","tintindex":0}}},{"from":[8.366535,2.0371265,6.314512],"to":[10.080821,3.7514124,8.028798],"rotation":{"angle":22.5,"axis":"z","origin":[8.880821,2.6085553,7.1716547]},"faces":{"east":{"uv":[5.625,8.125,6.0,8.5],"rotation":0,"texture":"#0","tintindex":0},"south":{"uv":[8.125,6.75,8.5,7.125],"rotation":0,"texture":"#0","tintindex":0},"north":{"uv":[4.875,8.125,5.25,8.5],"rotation":0,"texture":"#0","tintindex":0},"west":{"uv":[8.125,7.875,8.5,8.25],"rotation":0,"texture":"#0","tintindex":0},"up":{"uv":[8.625,0.875,8.25,0.5],"rotation":0,"texture":"#0","tintindex":0},"down":{"uv":[1.125,8.25,0.75,8.625],"rotation":0,"texture":"#0","tintindex":0}}}],"display":{"head":{"translation":[0.0,-6.4,0.0],"scale":[4.0,4.0,4.0]}}}