{"textures":{"0":"modelengine:entity/ecnpcs_demon_archer"},"elements":[{"from":[7.428571,7.6498723,5.9667478],"to":[8.571428,8.221301,10.538177],"rotation":{"angle":0.0,"axis":"y","origin":[-1.1428576,2.6549115,11.661563]},"faces":{"east":{"uv":[7.5,7.25,8.5,7.375],"rotation":0,"texture":"#0","tintindex":0},"south":{"uv":[8.5,6.875,8.75,7.0],"rotation":0,"texture":"#0","tintindex":0},"north":{"uv":[6.5,3.125,6.75,3.25],"rotation":0,"texture":"#0","tintindex":0},"west":{"uv":[7.625,1.0,8.625,1.125],"rotation":0,"texture":"#0","tintindex":0},"up":{"uv":[7.25,5.5,7.0,4.5],"rotation":0,"texture":"#0","tintindex":0},"down":{"uv":[0.25,7.125,0.0,8.125],"rotation":0,"texture":"#0","tintindex":0}}},{"from":[7.428571,7.6498723,10.538177],"to":[8.571428,8.792729,13.395319],"rotation":{"angle":0.0,"axis":"y","origin":[-1.1428576,2.6549115,11.661563]},"faces":{"east":{"uv":[7.75,0.0,8.375,0.25],"rotation":0,"texture":"#0","tintindex":0},"south":{"uv":[7.75,8.375,8.0,8.625],"rotation":0,"texture":"#0","tintindex":0},"north":{"uv":[8.375,7.625,8.625,7.875],"rotation":0,"texture":"#0","tintindex":0},"west":{"uv":[7.75,0.25,8.375,0.5],"rotation":0,"texture":"#0","tintindex":0},"up":{"uv":[2.375,8.375,2.125,7.75],"rotation":0,"texture":"#0","tintindex":0},"down":{"uv":[2.625,7.75,2.375,8.375],"rotation":0,"texture":"#0","tintindex":0}}},{"from":[7.714286,6.8189406,10.920474],"to":[8.285714,7.961798,13.7776165],"rotation":{"angle":22.5,"axis":"x","origin":[8.0,8.766805,12.80239]},"faces":{"east":{"uv":[6.75,7.75,7.375,8.0],"rotation":0,"texture":"#0","tintindex":0},"south":{"uv":[0.125,8.625,0.25,8.875],"rotation":0,"texture":"#0","tintindex":0},"north":{"uv":[8.625,0.0,8.75,0.25],"rotation":0,"texture":"#0","tintindex":0},"west":{"uv":[7.375,7.75,8.0,8.0],"rotation":0,"texture":"#0","tintindex":0},"up":{"uv":[0.625,5.75,0.5,5.125],"rotation":0,"texture":"#0","tintindex":0},"down":{"uv":[3.125,6.0,3.0,6.625],"rotation":0,"texture":"#0","tintindex":0}}},{"from":[5.714286,7.6498723,5.395319],"to":[10.285714,8.221301,5.9667478],"rotation":{"angle":0.0,"axis":"y","origin":[-1.1428576,2.6549115,11.661563]},"faces":{"east":{"uv":[0.5,8.625,0.625,8.75],"rotation":0,"texture":"#0","tintindex":0},"south":{"uv":[8.125,4.75,9.125,4.875],"rotation":0,"texture":"#0","tintindex":0},"north":{"uv":[8.125,2.125,9.125,2.25],"rotation":0,"texture":"#0","tintindex":0},"west":{"uv":[8.625,0.5,8.75,0.625],"rotation":0,"texture":"#0","tintindex":0},"up":{"uv":[9.125,7.25,8.125,7.125],"rotation":0,"texture":"#0","tintindex":0},"down":{"uv":[9.25,0.875,8.25,1.0],"rotation":0,"texture":"#0","tintindex":0}}},{"from":[6.857143,6.507015,5.9667478],"to":[9.142858,7.0784435,6.5381765],"rotation":{"angle":0.0,"axis":"y","origin":[-1.1428576,2.6549115,11.661563]},"faces":{"east":{"uv":[0.875,8.625,1.0,8.75],"rotation":0,"texture":"#0","tintindex":0},"south":{"uv":[6.0,5.625,6.5,5.75],"rotation":0,"texture":"#0","tintindex":0},"north":{"uv":[6.0,2.625,6.5,2.75],"rotation":0,"texture":"#0","tintindex":0},"west":{"uv":[1.0,8.625,1.125,8.75],"rotation":0,"texture":"#0","tintindex":0},"up":{"uv":[8.125,4.125,7.625,4.0],"rotation":0,"texture":"#0","tintindex":0},"down":{"uv":[8.875,7.5,8.375,7.625],"rotation":0,"texture":"#0","tintindex":0}}},{"from":[8.571428,7.0784435,5.9667478],"to":[9.142858,8.221301,6.5381765],"rotation":{"angle":0.0,"axis":"y","origin":[-1.1428576,2.6549115,11.661563]},"faces":{"east":{"uv":[4.875,6.875,5.0,7.125],"rotation":0,"texture":"#0","tintindex":0},"south":{"uv":[5.25,7.125,5.375,7.375],"rotation":0,"texture":"#0","tintindex":0},"north":{"uv":[6.75,3.75,6.875,4.0],"rotation":0,"texture":"#0","tintindex":0},"west":{"uv":[7.25,5.0,7.375,5.25],"rotation":0,"texture":"#0","tintindex":0},"up":{"uv":[8.75,1.125,8.625,1.0],"rotation":0,"texture":"#0","tintindex":0},"down":{"uv":[2.0,8.625,1.875,8.75],"rotation":0,"texture":"#0","tintindex":0}}},{"from":[6.857143,7.0784435,5.9667478],"to":[7.428571,8.221301,6.5381765],"rotation":{"angle":0.0,"axis":"y","origin":[17.142857,2.6549115,11.661563]},"faces":{"east":{"uv":[2.0,7.875,2.125,8.125],"rotation":0,"texture":"#0","tintindex":0},"south":{"uv":[5.5,8.25,5.625,8.5],"rotation":0,"texture":"#0","tintindex":0},"north":{"uv":[7.25,5.25,7.375,5.5],"rotation":0,"texture":"#0","tintindex":0},"west":{"uv":[8.0,8.375,8.125,8.625],"rotation":0,"texture":"#0","tintindex":0},"up":{"uv":[2.125,8.75,2.0,8.625],"rotation":0,"texture":"#0","tintindex":0},"down":{"uv":[2.25,8.625,2.125,8.75],"rotation":0,"texture":"#0","tintindex":0}}},{"from":[8.409696,7.6498723,2.3782449],"to":[11.266839,8.221301,2.9496737],"rotation":{"angle":-22.5,"axis":"y","origin":[1.7637777,2.6549115,8.602473]},"faces":{"east":{"uv":[0.625,8.625,0.75,8.75],"rotation":0,"texture":"#0","tintindex":0},"south":{"uv":[4.125,8.25,4.75,8.375],"rotation":0,"texture":"#0","tintindex":0},"north":{"uv":[5.875,3.125,6.5,3.25],"rotation":0,"texture":"#0","tintindex":0},"west":{"uv":[8.625,0.625,8.75,0.75],"rotation":0,"texture":"#0","tintindex":0},"up":{"uv":[8.875,5.0,8.25,4.875],"rotation":0,"texture":"#0","tintindex":0},"down":{"uv":[8.875,5.0,8.25,5.125],"rotation":0,"texture":"#0","tintindex":0}}},{"from":[4.733161,7.6498723,2.3782449],"to":[7.5903044,8.221301,2.9496737],"rotation":{"angle":22.5,"axis":"y","origin":[14.236222,2.6549115,8.602473]},"faces":{"east":{"uv":[0.75,8.625,0.875,8.75],"rotation":0,"texture":"#0","tintindex":0},"south":{"uv":[8.25,5.25,8.875,5.375],"rotation":0,"texture":"#0","tintindex":0},"north":{"uv":[8.25,5.125,8.875,5.25],"rotation":0,"texture":"#0","tintindex":0},"west":{"uv":[8.625,0.75,8.75,0.875],"rotation":0,"texture":"#0","tintindex":0},"up":{"uv":[8.875,5.5,8.25,5.375],"rotation":0,"texture":"#0","tintindex":0},"down":{"uv":[8.875,5.5,8.25,5.625],"rotation":0,"texture":"#0","tintindex":0}}},{"from":[3.6076508,7.364158,5.8790874],"to":[4.179079,8.507015,6.4505157],"rotation":{"angle":0.0,"axis":"y","origin":[14.236222,2.6549115,8.602473]},"faces":{"east":{"uv":[8.5,7.25,8.625,7.5],"rotation":0,"texture":"#0","tintindex":0},"south":{"uv":[8.5,7.875,8.625,8.125],"rotation":0,"texture":"#0","tintindex":0},"north":{"uv":[4.0,8.5,4.125,8.75],"rotation":0,"texture":"#0","tintindex":0},"west":{"uv":[8.125,8.5,8.25,8.75],"rotation":0,"texture":"#0","tintindex":0},"up":{"uv":[2.5,8.75,2.375,8.625],"rotation":0,"texture":"#0","tintindex":0},"down":{"uv":[8.75,2.375,8.625,2.5],"rotation":0,"texture":"#0","tintindex":0}}},{"from":[11.820921,7.364158,5.8790874],"to":[12.392349,8.507015,6.4505157],"rotation":{"angle":0.0,"axis":"y","origin":[1.7637777,2.6549115,8.602473]},"faces":{"east":{"uv":[8.375,8.5,8.5,8.75],"rotation":0,"texture":"#0","tintindex":0},"south":{"uv":[8.5,8.5,8.625,8.75],"rotation":0,"texture":"#0","tintindex":0},"north":{"uv":[8.25,8.5,8.375,8.75],"rotation":0,"texture":"#0","tintindex":0},"west":{"uv":[0.0,8.625,0.125,8.875],"rotation":0,"texture":"#0","tintindex":0},"up":{"uv":[2.75,8.75,2.625,8.625],"rotation":0,"texture":"#0","tintindex":0},"down":{"uv":[8.75,2.625,8.625,2.75],"rotation":0,"texture":"#0","tintindex":0}}},{"from":[7.3714285,7.3028975,5.432991],"to":[8.6285715,8.445754,6.575848],"rotation":{"angle":45.0,"axis":"x","origin":[8.0,8.369198,5.947277]},"faces":{"east":{"uv":[6.5,8.375,6.75,8.625],"rotation":0,"texture":"#0","tintindex":0},"south":{"uv":[6.75,8.375,7.0,8.625],"rotation":0,"texture":"#0","tintindex":0},"north":{"uv":[6.25,8.375,6.5,8.625],"rotation":0,"texture":"#0","tintindex":0},"west":{"uv":[7.0,8.375,7.25,8.625],"rotation":0,"texture":"#0","tintindex":0},"up":{"uv":[7.5,8.625,7.25,8.375],"rotation":0,"texture":"#0","tintindex":0},"down":{"uv":[7.75,8.375,7.5,8.625],"rotation":0,"texture":"#0","tintindex":0}}}],"display":{"head":{"translation":[0.0,-6.4,0.0],"scale":[4.0,4.0,4.0]}}}