{"textures":{"0":"modelengine:entity/ecnpcs_demon_lord"},"elements":[{"from":[6.5935764,6.748402,5.142857],"to":[9.45072,7.891259,8.0],"rotation":{"angle":0.0,"axis":"y","origin":[6.3078623,7.891259,7.142857]},"faces":{"east":{"uv":[11.875,2.125,12.5,2.375],"rotation":0,"texture":"#0","tintindex":0},"south":{"uv":[11.875,2.375,12.5,2.625],"rotation":0,"texture":"#0","tintindex":0},"north":{"uv":[11.875,1.875,12.5,2.125],"rotation":0,"texture":"#0","tintindex":0},"west":{"uv":[11.875,2.625,12.5,2.875],"rotation":0,"texture":"#0","tintindex":0},"up":{"uv":[11.125,3.75,10.5,3.125],"rotation":0,"texture":"#0","tintindex":0},"down":{"uv":[11.125,3.75,10.5,4.375],"rotation":0,"texture":"#0","tintindex":0}}},{"from":[6.3078623,2.1769733,4.8571424],"to":[9.736434,6.748402,8.285714],"rotation":{"angle":0.0,"axis":"y","origin":[6.3078623,7.891259,7.142857]},"faces":{"east":{"uv":[8.375,1.0,9.125,2.0],"rotation":0,"texture":"#0","tintindex":0},"south":{"uv":[6.25,8.375,7.0,9.375],"rotation":0,"texture":"#0","tintindex":0},"north":{"uv":[0.625,8.375,1.375,9.375],"rotation":0,"texture":"#0","tintindex":0},"west":{"uv":[7.0,8.375,7.75,9.375],"rotation":0,"texture":"#0","tintindex":0},"up":{"uv":[6.875,10.125,6.125,9.375],"rotation":0,"texture":"#0","tintindex":0},"down":{"uv":[7.625,9.375,6.875,10.125],"rotation":0,"texture":"#0","tintindex":0}}},{"from":[6.505384,1.1839623,4.9142857],"to":[9.362527,2.8982482,8.228572],"rotation":{"angle":22.5,"axis":"z","origin":[8.21967,2.0411053,6.5714283]},"faces":{"east":{"uv":[7.75,5.375,8.5,5.75],"rotation":0,"texture":"#0","tintindex":0},"south":{"uv":[11.625,4.625,12.25,5.0],"rotation":0,"texture":"#0","tintindex":0},"north":{"uv":[11.625,4.25,12.25,4.625],"rotation":0,"texture":"#0","tintindex":0},"west":{"uv":[11.0,1.125,11.75,1.5],"rotation":0,"texture":"#0","tintindex":0},"up":{"uv":[10.875,3.125,10.25,2.375],"rotation":0,"texture":"#0","tintindex":0},"down":{"uv":[11.0,4.5,10.375,5.25],"rotation":0,"texture":"#0","tintindex":0}}}],"display":{"head":{"translation":[0.0,-6.4,0.0],"scale":[4.0,4.0,4.0]}}}