{"textures":{"0":"modelengine:entity/ecnpcs_demon_lord"},"elements":[{"from":[7.8948717,7.720199,6.9195766],"to":[9.609158,10.577342,8.6338625],"rotation":{"angle":-45.0,"axis":"z","origin":[8.009157,8.977342,7.605291]},"faces":{"east":{"uv":[2.5,11.625,2.875,12.25],"rotation":0,"texture":"#0","tintindex":0},"south":{"uv":[11.625,3.0,12.0,3.625],"rotation":0,"texture":"#0","tintindex":0},"north":{"uv":[7.0,11.5,7.375,12.125],"rotation":0,"texture":"#0","tintindex":0},"west":{"uv":[11.625,3.625,12.0,4.25],"rotation":0,"texture":"#0","tintindex":0},"up":{"uv":[12.375,3.25,12.0,2.875],"rotation":0,"texture":"#0","tintindex":0},"down":{"uv":[3.5,12.0,3.125,12.375],"rotation":0,"texture":"#0","tintindex":0}}},{"from":[8.95932,8.875239,8.181594],"to":[11.816463,10.018097,9.324451],"rotation":{"angle":22.5,"axis":"y","origin":[7.1878915,8.589525,8.295879]},"faces":{"east":{"uv":[2.25,12.0,2.5,12.25],"rotation":0,"texture":"#0","tintindex":0},"south":{"uv":[0.875,11.875,1.5,12.125],"rotation":0,"texture":"#0","tintindex":0},"north":{"uv":[11.875,0.25,12.5,0.5],"rotation":0,"texture":"#0","tintindex":0},"west":{"uv":[6.125,12.25,6.375,12.5],"rotation":0,"texture":"#0","tintindex":0},"up":{"uv":[12.5,1.625,11.875,1.375],"rotation":0,"texture":"#0","tintindex":0},"down":{"uv":[12.5,1.625,11.875,1.875],"rotation":0,"texture":"#0","tintindex":0}}},{"from":[11.63592,9.618096,6.697824],"to":[13.350205,10.189526,7.269253],"rotation":{"angle":45.0,"axis":"z","origin":[12.321634,9.1609535,6.3549666]},"faces":{"east":{"uv":[2.0,9.625,2.125,9.75],"rotation":0,"texture":"#0","tintindex":0},"south":{"uv":[12.375,1.125,12.75,1.25],"rotation":0,"texture":"#0","tintindex":0},"north":{"uv":[10.5,1.5,10.875,1.625],"rotation":0,"texture":"#0","tintindex":0},"west":{"uv":[2.0,9.75,2.125,9.875],"rotation":0,"texture":"#0","tintindex":0},"up":{"uv":[12.75,1.375,12.375,1.25],"rotation":0,"texture":"#0","tintindex":0},"down":{"uv":[2.25,12.375,1.875,12.5],"rotation":0,"texture":"#0","tintindex":0}}}],"display":{"head":{"translation":[0.0,-6.4,0.0],"scale":[4.0,4.0,4.0]}}}