{"textures":{"0":"modelengine:entity/ecnpcs_demon_lord"},"elements":[{"from":[6.5492806,6.748402,5.0857143],"to":[9.406424,7.891259,7.9428573],"rotation":{"angle":0.0,"axis":"y","origin":[9.692138,7.891259,7.0857143]},"faces":{"east":{"uv":[11.875,8.75,12.5,9.0],"rotation":0,"texture":"#0","tintindex":0},"south":{"uv":[11.875,9.0,12.5,9.25],"rotation":0,"texture":"#0","tintindex":0},"north":{"uv":[11.875,8.5,12.5,8.75],"rotation":0,"texture":"#0","tintindex":0},"west":{"uv":[11.875,9.25,12.5,9.5],"rotation":0,"texture":"#0","tintindex":0},"up":{"uv":[7.875,11.125,7.25,10.5],"rotation":0,"texture":"#0","tintindex":0},"down":{"uv":[10.375,10.5,9.75,11.125],"rotation":0,"texture":"#0","tintindex":0}}},{"from":[6.2635665,2.1769733,4.8],"to":[9.692138,6.748402,8.228572],"rotation":{"angle":0.0,"axis":"y","origin":[9.692138,7.891259,7.0857143]},"faces":{"east":{"uv":[3.125,8.875,3.875,9.875],"rotation":0,"texture":"#0","tintindex":0},"south":{"uv":[9.0,5.5,9.75,6.5],"rotation":0,"texture":"#0","tintindex":0},"north":{"uv":[8.625,8.375,9.375,9.375],"rotation":0,"texture":"#0","tintindex":0},"west":{"uv":[9.125,1.0,9.875,2.0],"rotation":0,"texture":"#0","tintindex":0},"up":{"uv":[10.25,2.75,9.5,2.0],"rotation":0,"texture":"#0","tintindex":0},"down":{"uv":[10.25,2.75,9.5,3.5],"rotation":0,"texture":"#0","tintindex":0}}},{"from":[6.637473,1.1839623,4.8571424],"to":[9.494616,2.8982482,8.171429],"rotation":{"angle":-22.5,"axis":"z","origin":[7.78033,2.0411053,6.5142856]},"faces":{"east":{"uv":[11.0,6.375,11.75,6.75],"rotation":0,"texture":"#0","tintindex":0},"south":{"uv":[11.625,5.375,12.25,5.75],"rotation":0,"texture":"#0","tintindex":0},"north":{"uv":[11.625,5.0,12.25,5.375],"rotation":0,"texture":"#0","tintindex":0},"west":{"uv":[6.625,11.125,7.375,11.5],"rotation":0,"texture":"#0","tintindex":0},"up":{"uv":[11.0,6.0,10.375,5.25],"rotation":0,"texture":"#0","tintindex":0},"down":{"uv":[11.0,6.0,10.375,6.75],"rotation":0,"texture":"#0","tintindex":0}}}],"display":{"head":{"translation":[0.0,-6.4,0.0],"scale":[4.0,4.0,4.0]}}}