{"textures":{"0":"modelengine:entity/ecnpcs_demon_lord"},"elements":[{"from":[6.7466626,7.030365,7.018399],"to":[8.460948,9.887507,8.732685],"rotation":{"angle":45.0,"axis":"z","origin":[8.3466625,8.287508,7.7041135]},"faces":{"east":{"uv":[4.625,11.5,5.0,12.125],"rotation":0,"texture":"#0","tintindex":0},"south":{"uv":[5.0,11.5,5.375,12.125],"rotation":0,"texture":"#0","tintindex":0},"north":{"uv":[2.75,9.125,3.125,9.75],"rotation":0,"texture":"#0","tintindex":0},"west":{"uv":[6.625,11.5,7.0,12.125],"rotation":0,"texture":"#0","tintindex":0},"up":{"uv":[7.625,10.5,7.25,10.125],"rotation":0,"texture":"#0","tintindex":0},"down":{"uv":[1.875,11.875,1.5,12.25],"rotation":0,"texture":"#0","tintindex":0}}},{"from":[4.539357,8.185405,8.2804165],"to":[7.3964996,9.328262,9.423273],"rotation":{"angle":-22.5,"axis":"y","origin":[9.167929,7.8996906,8.394702]},"faces":{"east":{"uv":[4.25,5.625,4.5,5.875],"rotation":0,"texture":"#0","tintindex":0},"south":{"uv":[11.75,1.125,12.375,1.375],"rotation":0,"texture":"#0","tintindex":0},"north":{"uv":[11.625,11.25,12.25,11.5],"rotation":0,"texture":"#0","tintindex":0},"west":{"uv":[4.0,6.625,4.25,6.875],"rotation":0,"texture":"#0","tintindex":0},"up":{"uv":[12.375,6.625,11.75,6.375],"rotation":0,"texture":"#0","tintindex":0},"down":{"uv":[12.375,6.625,11.75,6.875],"rotation":0,"texture":"#0","tintindex":0}}},{"from":[3.0056143,8.928263,6.7966466],"to":[4.7199006,9.499691,7.3680754],"rotation":{"angle":-45.0,"axis":"z","origin":[4.0341864,8.47112,6.453789]},"faces":{"east":{"uv":[7.0,4.375,7.125,4.5],"rotation":0,"texture":"#0","tintindex":0},"south":{"uv":[9.0,7.25,9.375,7.375],"rotation":0,"texture":"#0","tintindex":0},"north":{"uv":[6.0,4.5,6.375,4.625],"rotation":0,"texture":"#0","tintindex":0},"west":{"uv":[9.25,9.375,9.375,9.5],"rotation":0,"texture":"#0","tintindex":0},"up":{"uv":[3.125,9.875,2.75,9.75],"rotation":0,"texture":"#0","tintindex":0},"down":{"uv":[10.5,0.625,10.125,0.75],"rotation":0,"texture":"#0","tintindex":0}}}],"display":{"head":{"translation":[0.0,-6.4,0.0],"scale":[4.0,4.0,4.0]}}}