{"textures":{"0":"modelengine:entity/ecnpcs_demon_lord"},"elements":[{"from":[7.573238,8.84496,7.078895],"to":[9.8589525,12.84496,9.36461],"rotation":{"angle":-45.0,"axis":"z","origin":[7.687524,10.102102,7.536038]},"faces":{"east":{"uv":[10.875,9.375,10.375,10.25],"rotation":0,"texture":"#0","tintindex":0},"south":{"uv":[9.75,10.375,9.25,11.25],"rotation":0,"texture":"#0","tintindex":0},"north":{"uv":[6.0,2.5,5.5,3.375],"rotation":0,"texture":"#0","tintindex":0},"west":{"uv":[9.0,5.5,8.5,6.375],"rotation":0,"texture":"#0","tintindex":0},"up":{"uv":[11.25,7.25,11.75,6.75],"rotation":0,"texture":"#0","tintindex":0},"down":{"uv":[11.25,7.25,11.75,7.75],"rotation":0,"texture":"#0","tintindex":0}}},{"from":[9.3234005,10.0,8.112341],"to":[12.180544,11.714286,9.826627],"rotation":{"angle":22.5,"axis":"y","origin":[7.5519724,9.714286,8.226627]},"faces":{"east":{"uv":[2.25,12.0,1.875,12.375],"rotation":0,"texture":"#0","tintindex":0},"south":{"uv":[12.125,10.375,11.5,10.75],"rotation":0,"texture":"#0","tintindex":0},"north":{"uv":[12.125,10.0,11.5,10.375],"rotation":0,"texture":"#0","tintindex":0},"west":{"uv":[11.5,11.875,11.125,12.25],"rotation":0,"texture":"#0","tintindex":0},"up":{"uv":[11.125,11.875,11.75,11.5],"rotation":0,"texture":"#0","tintindex":0},"down":{"uv":[11.625,0.5,12.25,0.875],"rotation":0,"texture":"#0","tintindex":0}}},{"from":[12.457144,10.8,6.6285715],"to":[14.171429,11.942858,7.7714286],"rotation":{"angle":45.0,"axis":"z","origin":[12.685715,10.285714,6.285714]},"faces":{"east":{"uv":[11.375,8.5,11.125,8.75],"rotation":0,"texture":"#0","tintindex":0},"south":{"uv":[6.125,9.875,5.75,10.125],"rotation":0,"texture":"#0","tintindex":0},"north":{"uv":[8.625,7.375,8.25,7.625],"rotation":0,"texture":"#0","tintindex":0},"west":{"uv":[1.625,8.375,1.375,8.625],"rotation":0,"texture":"#0","tintindex":0},"up":{"uv":[11.25,8.0,11.625,7.75],"rotation":0,"texture":"#0","tintindex":0},"down":{"uv":[8.75,12.125,9.125,12.375],"rotation":0,"texture":"#0","tintindex":0}}},{"from":[12.195098,11.822336,6.8184185],"to":[14.480812,12.3937645,7.3898473],"rotation":{"angle":45.0,"axis":"y","origin":[12.766527,11.936622,6.761276]},"faces":{"east":{"uv":[2.75,10.375,2.625,10.5],"rotation":0,"texture":"#0","tintindex":0},"south":{"uv":[12.75,6.25,12.25,6.375],"rotation":0,"texture":"#0","tintindex":0},"north":{"uv":[12.75,1.0,12.25,1.125],"rotation":0,"texture":"#0","tintindex":0},"west":{"uv":[2.75,10.25,2.625,10.375],"rotation":0,"texture":"#0","tintindex":0},"up":{"uv":[12.25,7.875,12.75,7.75],"rotation":0,"texture":"#0","tintindex":0},"down":{"uv":[12.25,7.875,12.75,8.0],"rotation":0,"texture":"#0","tintindex":0}}},{"from":[6.596559,7.3424463,7.098246],"to":[8.882274,10.19959,9.383961],"rotation":{"angle":-22.5,"axis":"x","origin":[7.739416,7.913875,9.3268175]},"faces":{"east":{"uv":[4.625,10.875,4.125,11.5],"rotation":0,"texture":"#0","tintindex":0},"south":{"uv":[4.125,10.875,3.625,11.5],"rotation":0,"texture":"#0","tintindex":0},"north":{"uv":[11.375,0.0,10.875,0.625],"rotation":0,"texture":"#0","tintindex":0},"west":{"uv":[3.625,10.875,3.125,11.5],"rotation":0,"texture":"#0","tintindex":0},"up":{"uv":[8.625,11.625,9.125,11.125],"rotation":0,"texture":"#0","tintindex":0},"down":{"uv":[9.75,11.125,10.25,11.625],"rotation":0,"texture":"#0","tintindex":0}}}],"display":{"head":{"translation":[0.0,-6.4,0.0],"scale":[4.0,4.0,4.0]}}}