{"textures":{"0":"modelengine:entity/ecnpcs_demon_lord"},"elements":[{"from":[7.573238,8.273531,6.678895],"to":[9.8589525,12.273531,8.964609],"rotation":{"angle":-45.0,"axis":"z","origin":[7.687524,9.530674,7.136038]},"faces":{"east":{"uv":[10.5,0.625,11.0,1.5],"rotation":0,"texture":"#0","tintindex":0},"south":{"uv":[1.0,10.5,1.5,11.375],"rotation":0,"texture":"#0","tintindex":0},"north":{"uv":[10.375,10.25,10.875,11.125],"rotation":0,"texture":"#0","tintindex":0},"west":{"uv":[1.5,10.5,2.0,11.375],"rotation":0,"texture":"#0","tintindex":0},"up":{"uv":[11.875,9.5,11.375,9.0],"rotation":0,"texture":"#0","tintindex":0},"down":{"uv":[11.875,9.5,11.375,10.0],"rotation":0,"texture":"#0","tintindex":0}}},{"from":[9.3234005,9.428572,7.7123413],"to":[12.180544,11.142858,9.426627],"rotation":{"angle":22.5,"axis":"y","origin":[7.5519724,9.142858,7.826627]},"faces":{"east":{"uv":[8.0,12.0,8.375,12.375],"rotation":0,"texture":"#0","tintindex":0},"south":{"uv":[11.625,7.75,12.25,8.125],"rotation":0,"texture":"#0","tintindex":0},"north":{"uv":[11.625,5.75,12.25,6.125],"rotation":0,"texture":"#0","tintindex":0},"west":{"uv":[8.375,12.0,8.75,12.375],"rotation":0,"texture":"#0","tintindex":0},"up":{"uv":[8.75,12.0,8.125,11.625],"rotation":0,"texture":"#0","tintindex":0},"down":{"uv":[12.25,8.125,11.625,8.5],"rotation":0,"texture":"#0","tintindex":0}}},{"from":[12.457144,10.228572,6.2285714],"to":[14.171429,11.3714285,7.3714285],"rotation":{"angle":45.0,"axis":"z","origin":[12.685715,9.714286,5.885714]},"faces":{"east":{"uv":[6.375,12.25,6.625,12.5],"rotation":0,"texture":"#0","tintindex":0},"south":{"uv":[12.25,5.0,12.625,5.25],"rotation":0,"texture":"#0","tintindex":0},"north":{"uv":[0.5,12.25,0.875,12.5],"rotation":0,"texture":"#0","tintindex":0},"west":{"uv":[12.25,8.0,12.5,8.25],"rotation":0,"texture":"#0","tintindex":0},"up":{"uv":[12.625,5.5,12.25,5.25],"rotation":0,"texture":"#0","tintindex":0},"down":{"uv":[12.625,5.5,12.25,5.75],"rotation":0,"texture":"#0","tintindex":0}}},{"from":[12.195098,11.250907,6.418419],"to":[14.480812,11.822336,6.989847],"rotation":{"angle":45.0,"axis":"y","origin":[12.766527,11.365192,6.3612757]},"faces":{"east":{"uv":[9.75,10.375,9.875,10.5],"rotation":0,"texture":"#0","tintindex":0},"south":{"uv":[12.25,8.375,12.75,8.5],"rotation":0,"texture":"#0","tintindex":0},"north":{"uv":[12.25,8.25,12.75,8.375],"rotation":0,"texture":"#0","tintindex":0},"west":{"uv":[2.625,10.5,2.75,10.625],"rotation":0,"texture":"#0","tintindex":0},"up":{"uv":[11.375,12.375,10.875,12.25],"rotation":0,"texture":"#0","tintindex":0},"down":{"uv":[12.75,11.25,12.25,11.375],"rotation":0,"texture":"#0","tintindex":0}}}],"display":{"head":{"translation":[0.0,-6.4,0.0],"scale":[4.0,4.0,4.0]}}}