{"textures":{"0":"modelengine:entity/ecnpcs_demon_lord"},"elements":[{"from":[7.142857,6.23557,7.4489675],"to":[8.857143,8.521284,9.163253],"rotation":{"angle":22.5,"axis":"x","origin":[8.285714,10.864141,7.277539]},"faces":{"east":{"uv":[10.0,4.5,10.375,5.0],"rotation":0,"texture":"#0","tintindex":0},"south":{"uv":[7.375,11.625,7.75,12.125],"rotation":0,"texture":"#0","tintindex":0},"north":{"uv":[9.75,6.75,10.125,7.25],"rotation":0,"texture":"#0","tintindex":0},"west":{"uv":[8.75,11.625,9.125,12.125],"rotation":0,"texture":"#0","tintindex":0},"up":{"uv":[10.25,2.0,9.875,1.625],"rotation":0,"texture":"#0","tintindex":0},"down":{"uv":[1.375,10.125,1.0,10.5],"rotation":0,"texture":"#0","tintindex":0}}},{"from":[6.857143,5.778427,4.6489673],"to":[9.142858,6.921284,6.9346814],"rotation":{"angle":0.0,"axis":"y","origin":[8.285714,6.349856,5.448967]},"faces":{"east":{"uv":[9.375,0.75,9.875,1.0],"rotation":0,"texture":"#0","tintindex":0},"south":{"uv":[12.0,4.0,12.5,4.25],"rotation":0,"texture":"#0","tintindex":0},"north":{"uv":[7.875,1.0,8.375,1.25],"rotation":0,"texture":"#0","tintindex":0},"west":{"uv":[11.875,12.0,12.375,12.25],"rotation":0,"texture":"#0","tintindex":0},"up":{"uv":[11.625,8.5,11.125,8.0],"rotation":0,"texture":"#0","tintindex":0},"down":{"uv":[8.625,11.125,8.125,11.625],"rotation":0,"texture":"#0","tintindex":0}}}],"display":{"head":{"translation":[0.0,-6.4,0.0],"scale":[4.0,4.0,4.0]}}}