{"textures":{"0":"modelengine:entity/ecnpcs_demon_lord"},"elements":[{"from":[7.142857,6.178427,7.3346815],"to":[8.857143,8.464142,9.048967],"rotation":{"angle":22.5,"axis":"x","origin":[7.714286,10.806999,7.163253]},"faces":{"east":{"uv":[10.5,11.625,10.875,12.125],"rotation":0,"texture":"#0","tintindex":0},"south":{"uv":[11.625,10.75,12.0,11.25],"rotation":0,"texture":"#0","tintindex":0},"north":{"uv":[10.125,11.625,10.5,12.125],"rotation":0,"texture":"#0","tintindex":0},"west":{"uv":[0.5,11.75,0.875,12.25],"rotation":0,"texture":"#0","tintindex":0},"up":{"uv":[12.375,3.625,12.0,3.25],"rotation":0,"texture":"#0","tintindex":0},"down":{"uv":[12.375,3.625,12.0,4.0],"rotation":0,"texture":"#0","tintindex":0}}},{"from":[6.857143,5.721284,4.5346813],"to":[9.142858,6.8641415,6.820396],"rotation":{"angle":0.0,"axis":"y","origin":[7.714286,6.2927127,5.3346815]},"faces":{"east":{"uv":[4.625,12.125,5.125,12.375],"rotation":0,"texture":"#0","tintindex":0},"south":{"uv":[6.625,12.125,7.125,12.375],"rotation":0,"texture":"#0","tintindex":0},"north":{"uv":[0.875,12.125,1.375,12.375],"rotation":0,"texture":"#0","tintindex":0},"west":{"uv":[7.125,12.125,7.625,12.375],"rotation":0,"texture":"#0","tintindex":0},"up":{"uv":[11.875,3.0,11.375,2.5],"rotation":0,"texture":"#0","tintindex":0},"down":{"uv":[11.875,8.5,11.375,9.0],"rotation":0,"texture":"#0","tintindex":0}}}],"display":{"head":{"translation":[0.0,-6.4,0.0],"scale":[4.0,4.0,4.0]}}}