{"textures":{"0":"modelengine:entity/ecnpcs_demon_lord"},"elements":[{"from":[4.5714283,10.521668,4.543575],"to":[7.428571,11.664526,5.1150036],"rotation":{"angle":-22.5,"axis":"z","origin":[6.5714283,11.093098,4.8292894]},"faces":{"east":{"uv":[7.75,8.375,7.875,8.625],"rotation":0,"texture":"#0","tintindex":0},"south":{"uv":[11.625,6.125,12.25,6.375],"rotation":0,"texture":"#0","tintindex":0},"north":{"uv":[11.625,0.875,12.25,1.125],"rotation":0,"texture":"#0","tintindex":0},"west":{"uv":[3.125,8.625,3.25,8.875],"rotation":0,"texture":"#0","tintindex":0},"up":{"uv":[7.0,5.875,6.375,5.75],"rotation":0,"texture":"#0","tintindex":0},"down":{"uv":[7.75,5.625,7.125,5.75],"rotation":0,"texture":"#0","tintindex":0}}},{"from":[8.571428,10.521668,4.543575],"to":[11.428572,11.664526,5.1150036],"rotation":{"angle":22.5,"axis":"z","origin":[9.428572,11.093098,4.8292894]},"faces":{"east":{"uv":[8.5,9.125,8.625,9.375],"rotation":0,"texture":"#0","tintindex":0},"south":{"uv":[11.875,9.75,12.5,10.0],"rotation":0,"texture":"#0","tintindex":0},"north":{"uv":[11.875,9.5,12.5,9.75],"rotation":0,"texture":"#0","tintindex":0},"west":{"uv":[7.625,9.375,7.75,9.625],"rotation":0,"texture":"#0","tintindex":0},"up":{"uv":[12.375,7.75,11.75,7.625],"rotation":0,"texture":"#0","tintindex":0},"down":{"uv":[12.625,11.125,12.0,11.25],"rotation":0,"texture":"#0","tintindex":0}}},{"from":[5.714286,7.6645255,5.1150036],"to":[10.285714,12.235954,9.686432],"rotation":{"angle":0.0,"axis":"y","origin":[8.0,-8.335476,8.543575]},"faces":{"east":{"uv":[0.0,5.875,1.0,6.875],"rotation":0,"texture":"#0","tintindex":0},"south":{"uv":[4.25,5.875,5.25,6.875],"rotation":0,"texture":"#0","tintindex":0},"north":{"uv":[3.25,5.625,4.25,6.625],"rotation":0,"texture":"#0","tintindex":0},"west":{"uv":[5.25,5.875,6.25,6.875],"rotation":0,"texture":"#0","tintindex":0},"up":{"uv":[7.0,3.5,6.0,2.5],"rotation":0,"texture":"#0","tintindex":0},"down":{"uv":[7.0,3.5,6.0,4.5],"rotation":0,"texture":"#0","tintindex":0}}},{"from":[5.2571425,9.378812,5.686432],"to":[7.542857,13.95024,9.115004],"rotation":{"angle":22.5,"axis":"z","origin":[8.0,9.95024,7.4007177]},"faces":{"east":{"uv":[7.875,0.0,8.625,1.0],"rotation":0,"texture":"#0","tintindex":0},"south":{"uv":[9.875,9.5,10.375,10.5],"rotation":0,"texture":"#0","tintindex":0},"north":{"uv":[5.25,9.875,5.75,10.875],"rotation":0,"texture":"#0","tintindex":0},"west":{"uv":[3.25,7.875,4.0,8.875],"rotation":0,"texture":"#0","tintindex":0},"up":{"uv":[11.125,8.75,10.625,8.0],"rotation":0,"texture":"#0","tintindex":0},"down":{"uv":[11.375,1.5,10.875,2.25],"rotation":0,"texture":"#0","tintindex":0}}},{"from":[8.3728695,11.843527,5.1721463],"to":[10.658584,14.700669,7.4578605],"rotation":{"angle":-22.5,"axis":"x","origin":[9.515726,12.414955,7.4007177]},"faces":{"east":{"uv":[5.125,10.875,5.625,11.5],"rotation":0,"texture":"#0","tintindex":0},"south":{"uv":[10.875,8.75,11.375,9.375],"rotation":0,"texture":"#0","tintindex":0},"north":{"uv":[4.625,10.875,5.125,11.5],"rotation":0,"texture":"#0","tintindex":0},"west":{"uv":[10.875,9.375,11.375,10.0],"rotation":0,"texture":"#0","tintindex":0},"up":{"uv":[10.75,11.625,10.25,11.125],"rotation":0,"texture":"#0","tintindex":0},"down":{"uv":[11.625,11.0,11.125,11.5],"rotation":0,"texture":"#0","tintindex":0}}},{"from":[8.457143,9.378812,5.686432],"to":[10.742857,13.95024,9.115004],"rotation":{"angle":-22.5,"axis":"z","origin":[8.0,9.95024,7.4007177]},"faces":{"east":{"uv":[7.875,7.625,8.625,8.625],"rotation":0,"texture":"#0","tintindex":0},"south":{"uv":[10.0,3.5,10.5,4.5],"rotation":0,"texture":"#0","tintindex":0},"north":{"uv":[0.0,10.0,0.5,11.0],"rotation":0,"texture":"#0","tintindex":0},"west":{"uv":[2.375,8.125,3.125,9.125],"rotation":0,"texture":"#0","tintindex":0},"up":{"uv":[11.375,3.0,10.875,2.25],"rotation":0,"texture":"#0","tintindex":0},"down":{"uv":[3.125,10.875,2.625,11.625],"rotation":0,"texture":"#0","tintindex":0}}}],"display":{"head":{"translation":[0.0,-6.4,0.0],"scale":[4.0,4.0,4.0]}}}