{"textures":{"0":"modelengine:entity/ecnpcs_demon_lord"},"elements":[{"from":[10.228593,6.732116,5.714286],"to":[13.657164,10.160688,10.285714],"rotation":{"angle":22.5,"axis":"z","origin":[11.371449,3.3035445,8.571428]},"faces":{"east":{"uv":[8.5,2.0,9.5,2.75],"rotation":0,"texture":"#0","tintindex":0},"south":{"uv":[9.375,8.0,10.125,8.75],"rotation":0,"texture":"#0","tintindex":0},"north":{"uv":[9.375,7.25,10.125,8.0],"rotation":0,"texture":"#0","tintindex":0},"west":{"uv":[8.5,2.75,9.5,3.5],"rotation":0,"texture":"#0","tintindex":0},"up":{"uv":[9.25,4.5,8.5,3.5],"rotation":0,"texture":"#0","tintindex":0},"down":{"uv":[9.25,4.5,8.5,5.5],"rotation":0,"texture":"#0","tintindex":0}}},{"from":[7.9428782,3.3035445,6.285714],"to":[11.371449,7.8749733,9.714286],"rotation":{"angle":0.0,"axis":"y","origin":[11.371449,3.3035445,8.571428]},"faces":{"east":{"uv":[1.375,8.625,2.125,9.625],"rotation":0,"texture":"#0","tintindex":0},"south":{"uv":[8.625,7.375,9.375,8.375],"rotation":0,"texture":"#0","tintindex":0},"north":{"uv":[8.625,0.0,9.375,1.0],"rotation":0,"texture":"#0","tintindex":0},"west":{"uv":[7.75,8.625,8.5,9.625],"rotation":0,"texture":"#0","tintindex":0},"up":{"uv":[9.25,10.125,8.5,9.375],"rotation":0,"texture":"#0","tintindex":0},"down":{"uv":[10.125,8.75,9.375,9.5],"rotation":0,"texture":"#0","tintindex":0}}},{"from":[13.085735,5.589259,6.857143],"to":[13.657164,6.732116,9.142858],"rotation":{"angle":22.5,"axis":"z","origin":[11.371449,3.3035445,8.571428]},"faces":{"east":{"uv":[12.125,10.25,12.625,10.5],"rotation":0,"texture":"#0","tintindex":0},"south":{"uv":[6.125,9.125,6.25,9.375],"rotation":0,"texture":"#0","tintindex":0},"north":{"uv":[8.5,8.875,8.625,9.125],"rotation":0,"texture":"#0","tintindex":0},"west":{"uv":[12.125,10.5,12.625,10.75],"rotation":0,"texture":"#0","tintindex":0},"up":{"uv":[3.25,8.625,3.125,8.125],"rotation":0,"texture":"#0","tintindex":0},"down":{"uv":[8.5,2.0,8.375,2.5],"rotation":0,"texture":"#0","tintindex":0}}}],"display":{"head":{"translation":[0.0,-6.4,0.0],"scale":[4.0,4.0,4.0]}}}