{"textures":{"0":"modelengine:entity/ecnpcs_demon_lord"},"elements":[{"from":[6.2184925,2.4340658,5.5104604],"to":[9.647064,8.148352,8.939032],"rotation":{"angle":22.5,"axis":"x","origin":[7.3613496,2.9483519,8.767604]},"faces":{"east":{"uv":[4.0,6.875,4.75,8.125],"rotation":0,"texture":"#0","tintindex":0},"south":{"uv":[4.75,6.875,5.5,8.125],"rotation":0,"texture":"#0","tintindex":0},"north":{"uv":[2.5,6.875,3.25,8.125],"rotation":0,"texture":"#0","tintindex":0},"west":{"uv":[5.5,6.875,6.25,8.125],"rotation":0,"texture":"#0","tintindex":0},"up":{"uv":[10.0,4.25,9.25,3.5],"rotation":0,"texture":"#0","tintindex":0},"down":{"uv":[10.0,4.25,9.25,5.0],"rotation":0,"texture":"#0","tintindex":0}}},{"from":[6.16135,1.8626375,5.5104604],"to":[9.018493,4.148352,7.796175],"rotation":{"angle":0.0,"axis":"y","origin":[7.3613496,2.9483519,8.767604]},"faces":{"east":{"uv":[11.375,1.5,11.875,2.0],"rotation":0,"texture":"#0","tintindex":0},"south":{"uv":[11.0,4.875,11.625,5.375],"rotation":0,"texture":"#0","tintindex":0},"north":{"uv":[11.0,4.375,11.625,4.875],"rotation":0,"texture":"#0","tintindex":0},"west":{"uv":[11.375,2.0,11.875,2.5],"rotation":0,"texture":"#0","tintindex":0},"up":{"uv":[11.625,5.875,11.0,5.375],"rotation":0,"texture":"#0","tintindex":0},"down":{"uv":[11.625,5.875,11.0,6.375],"rotation":0,"texture":"#0","tintindex":0}}},{"from":[6.732778,1.2912087,5.5104604],"to":[8.447064,1.8626375,6.081889],"rotation":{"angle":0.0,"axis":"y","origin":[7.3613496,2.9483519,8.767604]},"faces":{"east":{"uv":[2.0,10.0,2.125,10.125],"rotation":0,"texture":"#0","tintindex":0},"south":{"uv":[12.375,3.375,12.75,3.5],"rotation":0,"texture":"#0","tintindex":0},"north":{"uv":[12.375,3.25,12.75,3.375],"rotation":0,"texture":"#0","tintindex":0},"west":{"uv":[2.0,10.125,2.125,10.25],"rotation":0,"texture":"#0","tintindex":0},"up":{"uv":[12.75,3.625,12.375,3.5],"rotation":0,"texture":"#0","tintindex":0},"down":{"uv":[12.75,3.625,12.375,3.75],"rotation":0,"texture":"#0","tintindex":0}}}],"display":{"head":{"translation":[0.0,-6.4,0.0],"scale":[4.0,4.0,4.0]}}}