{"textures":{"0":"modelengine:entity/ecnpcs_demon_lord"},"elements":[{"from":[2.2856927,6.732116,5.714286],"to":[5.714265,10.160688,10.285714],"rotation":{"angle":-22.5,"axis":"z","origin":[4.5714073,3.3035445,8.571428]},"faces":{"east":{"uv":[0.625,7.625,1.625,8.375],"rotation":0,"texture":"#0","tintindex":0},"south":{"uv":[3.875,9.125,4.625,9.875],"rotation":0,"texture":"#0","tintindex":0},"north":{"uv":[9.0,6.5,9.75,7.25],"rotation":0,"texture":"#0","tintindex":0},"west":{"uv":[6.875,7.625,7.875,8.375],"rotation":0,"texture":"#0","tintindex":0},"up":{"uv":[2.375,8.625,1.625,7.625],"rotation":0,"texture":"#0","tintindex":0},"down":{"uv":[8.5,4.375,7.75,5.375],"rotation":0,"texture":"#0","tintindex":0}}},{"from":[4.5714073,3.3035445,6.285714],"to":[7.999979,7.8749733,9.714286],"rotation":{"angle":0.0,"axis":"y","origin":[4.5714073,3.3035445,8.571428]},"faces":{"east":{"uv":[4.75,8.125,5.5,9.125],"rotation":0,"texture":"#0","tintindex":0},"south":{"uv":[5.5,8.125,6.25,9.125],"rotation":0,"texture":"#0","tintindex":0},"north":{"uv":[4.0,8.125,4.75,9.125],"rotation":0,"texture":"#0","tintindex":0},"west":{"uv":[8.25,6.375,9.0,7.375],"rotation":0,"texture":"#0","tintindex":0},"up":{"uv":[10.125,0.75,9.375,0.0],"rotation":0,"texture":"#0","tintindex":0},"down":{"uv":[1.375,9.375,0.625,10.125],"rotation":0,"texture":"#0","tintindex":0}}},{"from":[2.2856927,5.589259,6.857143],"to":[2.8571215,6.732116,9.142858],"rotation":{"angle":-22.5,"axis":"z","origin":[4.5714073,3.3035445,8.571428]},"faces":{"east":{"uv":[12.125,10.0,12.625,10.25],"rotation":0,"texture":"#0","tintindex":0},"south":{"uv":[3.875,8.875,4.0,9.125],"rotation":0,"texture":"#0","tintindex":0},"north":{"uv":[8.5,8.625,8.625,8.875],"rotation":0,"texture":"#0","tintindex":0},"west":{"uv":[10.125,12.125,10.625,12.375],"rotation":0,"texture":"#0","tintindex":0},"up":{"uv":[7.0,7.625,6.875,7.125],"rotation":0,"texture":"#0","tintindex":0},"down":{"uv":[2.5,7.625,2.375,8.125],"rotation":0,"texture":"#0","tintindex":0}}}],"display":{"head":{"translation":[0.0,-6.4,0.0],"scale":[4.0,4.0,4.0]}}}