{"textures":{"0":"modelengine:entity/ecnpcs_demon_lord"},"elements":[{"from":[6.352936,2.4340658,5.5104604],"to":[9.7815075,8.148352,8.939032],"rotation":{"angle":22.5,"axis":"x","origin":[8.63865,2.9483519,8.767604]},"faces":{"east":{"uv":[6.375,1.25,7.125,2.5],"rotation":0,"texture":"#0","tintindex":0},"south":{"uv":[6.375,4.5,7.125,5.75],"rotation":0,"texture":"#0","tintindex":0},"north":{"uv":[6.25,5.875,7.0,7.125],"rotation":0,"texture":"#0","tintindex":0},"west":{"uv":[3.25,6.625,4.0,7.875],"rotation":0,"texture":"#0","tintindex":0},"up":{"uv":[5.375,9.875,4.625,9.125],"rotation":0,"texture":"#0","tintindex":0},"down":{"uv":[6.125,9.125,5.375,9.875],"rotation":0,"texture":"#0","tintindex":0}}},{"from":[6.9815073,1.8626375,5.5104604],"to":[9.838651,4.148352,7.796175],"rotation":{"angle":0.0,"axis":"y","origin":[8.63865,2.9483519,8.767604]},"faces":{"east":{"uv":[9.125,11.25,9.625,11.75],"rotation":0,"texture":"#0","tintindex":0},"south":{"uv":[10.875,10.5,11.5,11.0],"rotation":0,"texture":"#0","tintindex":0},"north":{"uv":[10.875,10.0,11.5,10.5],"rotation":0,"texture":"#0","tintindex":0},"west":{"uv":[11.375,0.0,11.875,0.5],"rotation":0,"texture":"#0","tintindex":0},"up":{"uv":[11.625,1.125,11.0,0.625],"rotation":0,"texture":"#0","tintindex":0},"down":{"uv":[2.625,11.0,2.0,11.5],"rotation":0,"texture":"#0","tintindex":0}}},{"from":[7.552936,1.2912087,5.5104604],"to":[9.267221,1.8626375,6.081889],"rotation":{"angle":0.0,"axis":"y","origin":[8.63865,2.9483519,8.767604]},"faces":{"east":{"uv":[2.0,9.875,2.125,10.0],"rotation":0,"texture":"#0","tintindex":0},"south":{"uv":[12.375,3.0,12.75,3.125],"rotation":0,"texture":"#0","tintindex":0},"north":{"uv":[12.375,2.875,12.75,3.0],"rotation":0,"texture":"#0","tintindex":0},"west":{"uv":[0.5,10.0,0.625,10.125],"rotation":0,"texture":"#0","tintindex":0},"up":{"uv":[3.5,12.5,3.125,12.375],"rotation":0,"texture":"#0","tintindex":0},"down":{"uv":[12.75,3.125,12.375,3.25],"rotation":0,"texture":"#0","tintindex":0}}}],"display":{"head":{"translation":[0.0,-6.4,0.0],"scale":[4.0,4.0,4.0]}}}