{"textures":{"0":"modelengine:entity/ecnpcs_demon_lord"},"elements":[{"from":[7.2741256,4.495513,7.428571],"to":[8.416983,10.209799,8.571428],"rotation":{"angle":0.0,"axis":"y","origin":[24.416983,-0.07591534,7.428571]},"faces":{"east":{"uv":[0.0,11.0,0.25,12.25],"rotation":0,"texture":"#0","tintindex":0},"south":{"uv":[0.25,11.0,0.5,12.25],"rotation":0,"texture":"#0","tintindex":0},"north":{"uv":[7.875,10.5,8.125,11.75],"rotation":0,"texture":"#0","tintindex":0},"west":{"uv":[10.875,11.0,11.125,12.25],"rotation":0,"texture":"#0","tintindex":0},"up":{"uv":[12.125,12.5,11.875,12.25],"rotation":0,"texture":"#0","tintindex":0},"down":{"uv":[12.375,12.25,12.125,12.5],"rotation":0,"texture":"#0","tintindex":0}}},{"from":[6.645554,11.238371,7.428571],"to":[8.931269,14.095514,8.571428],"rotation":{"angle":0.0,"axis":"y","origin":[24.416983,-0.07591534,7.428571]},"faces":{"east":{"uv":[5.625,11.75,5.875,12.375],"rotation":0,"texture":"#0","tintindex":0},"south":{"uv":[11.125,3.0,11.625,3.625],"rotation":0,"texture":"#0","tintindex":0},"north":{"uv":[0.5,11.125,1.0,11.75],"rotation":0,"texture":"#0","tintindex":0},"west":{"uv":[5.875,11.75,6.125,12.375],"rotation":0,"texture":"#0","tintindex":0},"up":{"uv":[12.75,1.0,12.25,0.75],"rotation":0,"texture":"#0","tintindex":0},"down":{"uv":[1.875,12.25,1.375,12.5],"rotation":0,"texture":"#0","tintindex":0}}},{"from":[6.185858,13.5494175,7.4857144],"to":[8.471572,16.406559,8.514286],"rotation":{"angle":22.5,"axis":"z","origin":[7.3287153,14.977988,8.0]},"faces":{"east":{"uv":[7.75,11.75,8.0,12.375],"rotation":0,"texture":"#0","tintindex":0},"south":{"uv":[5.625,11.125,6.125,11.75],"rotation":0,"texture":"#0","tintindex":0},"north":{"uv":[11.125,3.625,11.625,4.25],"rotation":0,"texture":"#0","tintindex":0},"west":{"uv":[9.125,11.75,9.375,12.375],"rotation":0,"texture":"#0","tintindex":0},"up":{"uv":[2.75,12.5,2.25,12.25],"rotation":0,"texture":"#0","tintindex":0},"down":{"uv":[12.75,4.25,12.25,4.5],"rotation":0,"texture":"#0","tintindex":0}}},{"from":[4.8767548,15.508628,7.542857],"to":[7.1624694,20.080057,8.457143],"rotation":{"angle":45.0,"axis":"z","origin":[6.0196123,16.937199,8.0]},"faces":{"east":{"uv":[3.625,11.5,3.875,12.5],"rotation":0,"texture":"#0","tintindex":0},"south":{"uv":[10.125,7.75,10.625,8.75],"rotation":0,"texture":"#0","tintindex":0},"north":{"uv":[10.125,6.75,10.625,7.75],"rotation":0,"texture":"#0","tintindex":0},"west":{"uv":[3.875,11.5,4.125,12.5],"rotation":0,"texture":"#0","tintindex":0},"up":{"uv":[12.75,4.75,12.25,4.5],"rotation":0,"texture":"#0","tintindex":0},"down":{"uv":[12.75,4.75,12.25,5.0],"rotation":0,"texture":"#0","tintindex":0}}},{"from":[3.4488502,17.805317,7.6571426],"to":[5.734565,22.376745,8.342857],"rotation":{"angle":-22.5,"axis":"z","origin":[4.591707,19.233889,8.0]},"faces":{"east":{"uv":[3.5,12.0,3.625,13.0],"rotation":0,"texture":"#0","tintindex":0},"south":{"uv":[8.75,10.125,9.25,11.125],"rotation":0,"texture":"#0","tintindex":0},"north":{"uv":[8.25,10.125,8.75,11.125],"rotation":0,"texture":"#0","tintindex":0},"west":{"uv":[5.125,12.125,5.25,13.125],"rotation":0,"texture":"#0","tintindex":0},"up":{"uv":[12.75,11.5,12.25,11.375],"rotation":0,"texture":"#0","tintindex":0},"down":{"uv":[1.375,12.375,0.875,12.5],"rotation":0,"texture":"#0","tintindex":0}}},{"from":[5.413982,21.348322,7.714286],"to":[7.6996965,25.91975,8.285714],"rotation":{"angle":-45.0,"axis":"z","origin":[6.556839,22.776894,8.0]},"faces":{"east":{"uv":[9.375,11.75,9.5,12.75],"rotation":0,"texture":"#0","tintindex":0},"south":{"uv":[2.75,9.875,3.25,10.875],"rotation":0,"texture":"#0","tintindex":0},"north":{"uv":[1.0,5.875,1.5,6.875],"rotation":0,"texture":"#0","tintindex":0},"west":{"uv":[9.5,11.75,9.625,12.75],"rotation":0,"texture":"#0","tintindex":0},"up":{"uv":[11.0,4.5,10.5,4.375],"rotation":0,"texture":"#0","tintindex":0},"down":{"uv":[11.625,4.25,11.125,4.375],"rotation":0,"texture":"#0","tintindex":0}}},{"from":[9.385266,19.062607,7.714286],"to":[10.528124,23.634037,8.285714],"rotation":{"angle":45.0,"axis":"z","origin":[9.385266,22.776894,8.0]},"faces":{"east":{"uv":[5.25,12.125,5.375,13.125],"rotation":0,"texture":"#0","tintindex":0},"south":{"uv":[4.375,11.5,4.625,12.5],"rotation":0,"texture":"#0","tintindex":0},"north":{"uv":[4.125,11.5,4.375,12.5],"rotation":0,"texture":"#0","tintindex":0},"west":{"uv":[7.625,12.125,7.75,13.125],"rotation":0,"texture":"#0","tintindex":0},"up":{"uv":[10.375,9.5,10.125,9.375],"rotation":0,"texture":"#0","tintindex":0},"down":{"uv":[11.125,3.0,10.875,3.125],"rotation":0,"texture":"#0","tintindex":0}}},{"from":[6.8741255,10.209799,7.3142858],"to":[9.15984,12.495514,8.685715],"rotation":{"angle":-45.0,"axis":"z","origin":[7.2741256,11.352656,8.0]},"faces":{"east":{"uv":[2.125,8.625,2.375,9.125],"rotation":0,"texture":"#0","tintindex":0},"south":{"uv":[3.125,11.5,3.625,12.0],"rotation":0,"texture":"#0","tintindex":0},"north":{"uv":[2.0,11.5,2.5,12.0],"rotation":0,"texture":"#0","tintindex":0},"west":{"uv":[8.25,9.625,8.5,10.125],"rotation":0,"texture":"#0","tintindex":0},"up":{"uv":[0.5,12.5,0.0,12.25],"rotation":0,"texture":"#0","tintindex":0},"down":{"uv":[12.75,0.5,12.25,0.75],"rotation":0,"texture":"#0","tintindex":0}}},{"from":[11.445554,6.209799,7.3142858],"to":[13.15984,7.9240847,8.685715],"rotation":{"angle":-45.0,"axis":"z","origin":[7.2741256,11.352656,8.0]},"faces":{"east":{"uv":[10.25,3.125,10.5,3.5],"rotation":0,"texture":"#0","tintindex":0},"south":{"uv":[11.5,12.0,11.875,12.375],"rotation":0,"texture":"#0","tintindex":0},"north":{"uv":[12.0,10.75,12.375,11.125],"rotation":0,"texture":"#0","tintindex":0},"west":{"uv":[10.625,12.125,10.875,12.5],"rotation":0,"texture":"#0","tintindex":0},"up":{"uv":[12.625,6.0,12.25,5.75],"rotation":0,"texture":"#0","tintindex":0},"down":{"uv":[12.625,6.0,12.25,6.25],"rotation":0,"texture":"#0","tintindex":0}}}],"display":{"head":{"translation":[0.0,-6.4,0.0],"scale":[4.0,4.0,4.0]}}}